osm_type,osm_id,name,latitude,longitude,area_m2,kind
way,507139931,Área de Producción Yacimientos de Litio Bolivianos,-20.594445,-67.383480,500483567,mine
way,1419637508,"Gold mine near 20.649, 32.757",20.648533,32.756834,416446594,mine
way,1426449196,"Gold mine near 20.870, 34.919",20.869721,34.919469,396762945,mine
way,144096754,Mina Escondida,-24.336496,-69.092028,381988783,mine
way,993312703,"Gold mine near 21.219, 33.153",21.219206,33.153261,327109401,mine
way,1119275782,Kaltim Prima Coal,0.621447,117.490711,296921355,mine
way,445100842,"Gold mine near 20.290, 33.332",20.290408,33.332036,280079099,mine
way,1424967864,"Gold mine near 19.744, 33.955",19.743865,33.954703,266570129,mine
way,1238641112,"Gold quarry near -1.430, 113.870",-1.430256,113.869679,264196290,quarry
relation,16265322,Salinas Guerrero Negro,27.665156,-113.913124,251460886,salt_pond
relation,8387147,German Creek Mine,-22.916165,148.580601,240225948,mine
way,1426449199,"Gold mine near 20.964, 34.789",20.963824,34.789406,231128842,mine
way,1106889547,"Quarry near 18.653, 34.664",18.653244,34.663872,219755161,quarry
way,1421195606,مقالع البطين,30.346312,47.160759,210445125,quarry
way,293259148,Hail Creek Mine,-21.485020,148.347026,205489230,mine
way,981164281,Rio Tinto Alcan Gove Mine Lease,-12.299041,136.849301,200192549,mine
way,1420783834,"Gold mine near 20.978, 31.341",20.978316,31.340917,192789174,mine
way,1426449198,"Gold mine near 21.084, 34.659",21.083546,34.658950,190566567,mine
way,1424967865,"Gold mine near 20.378, 34.918",20.378249,34.917908,190073313,mine
way,360097959,"Tambang Tutupan, Wara, Paringin",-2.201718,115.525634,177525624,mine
way,293256967,Norwich Park Mine,-22.632423,148.429010,175026380,mine
way,1419637091,"Gold mine near 20.854, 31.924",20.854370,31.924406,172099936,mine
relation,5825763,Salinas Estero Real,12.904124,-87.240431,169890673,salt_pond
way,1224888682,"Salt pond near 40.682, -113.934",40.681575,-113.933678,168898537,salt_pond
way,218671370,"Bauxite quarry near -12.491, 141.833",-12.491481,141.832921,158806294,quarry
way,140147188,Black Thunder Mine,43.695404,-105.295226,155073268,quarry
way,311361613,Peak Downs Mine,-22.227633,148.173378,153354506,mine
relation,16454972,"Gold quarry near -1.970, 113.256",-1.970312,113.255910,152042612,quarry
way,1186444807,"Coal quarry near -1.900, 115.868",-1.900465,115.868374,150324253,quarry
way,293259138,South Walker Creek Mine,-21.748539,148.423528,149810812,mine
way,1410865099,منجم هويد,20.045680,34.149109,142118526,mine
way,224733664,Lumwana Mine,-12.243510,25.866017,140559176,mine
way,309478153,Búsqueda de oro,-12.785037,-70.542139,136292372,quarry
way,293259837,Oaky Creek Mine,-23.068432,148.521261,132170040,mine
way,1334231982,"Salt pond near 37.638, 93.464",37.637523,93.463801,131877919,salt_pond
way,160662847,Millennium Mine,56.913079,-111.326332,131162768,quarry
way,60046145,"Diamonds quarry near -28.446, 16.240",-28.445591,16.239537,130658086,quarry
relation,20367911,Tambang Emas Ilegal,-1.899198,110.305813,130095207,quarry
way,1417005988,"Gold mine near 20.166, 33.515",20.165933,33.515386,129929455,mine
way,1422871586,"Gold mine near 21.444, 35.059",21.443515,35.059469,129658982,mine
way,1220476337,"Salt pond near 23.850, 69.288",23.849848,69.287830,129516666,salt_pond
way,1119275781,Bengalon tambang batu bara,0.803699,117.585725,128119604,mine
way,416165487,Distrito Minero Centinela,-22.995494,-69.091254,128083592,mine
way,1220476336,"Salt pond near 23.949, 69.225",23.948915,69.225454,125084694,salt_pond
relation,17354946,"Salt pond near 23.270, 70.871",23.270257,70.871060,119919333,salt_pond
way,868130633,Minera Doña Inés de Collahuasi,-20.969534,-68.658714,119786117,mine
way,1523521513,Copi Mineral Sands Project,-33.625926,141.345274,119539156,mine
way,26304257,"Quarry near 32.781, -6.759",32.780880,-6.759389,113718817,quarry
way,137246419,Комплекс Марица изток,42.211705,26.017935,112864128,quarry
way,1076769884,Sentinel,-12.234945,25.308299,108112965,mine
way,1414378377,"Gold mine near 20.451, 30.734",20.451184,30.733721,104687895,mine
way,293259385,Goonyella,-21.778161,147.989387,103749655,mine
way,1413197791,"Gold quarry near 15.318, 34.886",15.317986,34.886249,103605113,quarry
way,558853242,"Quarry near 48.358, 104.514",48.358467,104.514421,102289342,quarry
way,62324950,بطانات البوتاس العربية الشمسية,31.166879,35.472892,101042558,salt_pond
way,1536928646,"Gold mine near 15.574, 34.284",15.574455,34.283656,99097143,mine
relation,14929699,Salar de Chalviri,-22.520004,-67.566133,98765909,salt_pond
way,1089615801,Cloudbreak Iron Ore Mine,-22.317232,119.346981,97927131,mine
way,894427315,Busqueda de oro,-12.995752,-69.959129,97880778,quarry
way,558631870,منطقة كسارات,25.238053,47.072414,97617156,quarry
relation,14508322,Christmas Creek,-22.388664,119.792537,96654841,mine
way,852195883,Minera Spence,-22.776965,-69.281883,93087732,mine
way,140231657,Belle Ayr Mine,44.059921,-105.389794,93048808,quarry
way,1419637178,"Gold mine near 20.741, 32.418",20.741097,32.418481,92766304,mine
way,52823829,Complejo Carbonífero El Cerrejón,11.046182,-72.697359,91120660,quarry
relation,16165756,长芦大清河盐场,39.187240,118.762037,90684084,salt_pond
way,1426720400,"Gold mine near 21.311, 30.987",21.310802,30.986804,90448766,mine
way,122003971,BMA Blackwater,-23.757823,148.834370,88899157,mine
way,1426446681,"Gold mine near 20.614, 34.118",20.613850,34.117799,87836391,mine
way,238454732,เหมืองแม่เมาะ,18.341220,99.719661,87817829,quarry
way,293259419,Red Hill Mine,-21.714539,148.027883,87235877,mine
way,1458823325,"Gold mine near 21.108, 33.919",21.108031,33.918958,86213286,mine
way,1230670131,Area de Mina Norte 5 Nueva Victoria,-20.809702,-69.810889,85448368,mine
way,141100961,"Quarry near 40.891, -116.302",40.891184,-116.301708,84598885,quarry
way,158181474,месторождение алмазов им. М.В. Ломоносова (АГОК),65.268823,41.035984,84518980,mine
way,192254434,Brockman 4 Mine,-22.598671,117.229361,83664938,mine
way,1067168870,"Salt pond near 36.764, 95.756",36.763785,95.756384,82568951,salt_pond
way,796318054,"Quarry near 43.908, 94.703",43.907779,94.703242,80991704,quarry
relation,14508321,Roy Hill mine,-22.483919,119.945643,80528164,mine
way,1215594131,"Gold quarry near -1.747, 113.156",-1.747227,113.155829,79598190,quarry
way,1285255264,Lulo Alluvial Diamond Mine,-9.593470,18.857298,79054476,quarry
relation,6475754,"Salt pond near 31.168, 35.405",31.168238,35.405257,76088391,salt_pond
way,485060982,"Salt pond near 11.853, 41.750",11.852546,41.750401,76009790,salt_pond
way,597933729,الجلاميد,31.506619,39.929872,74519235,mine
way,550616886,Eldev Coal Mine,46.130458,108.999766,73728587,quarry
way,561925239,PT. ABN,-0.702042,117.236262,72456990,quarry
relation,11600230,Morenci Mining Complex,33.076740,-109.357359,71382950,quarry
way,1423295190,"Gold mine near 21.134, 32.745",21.134152,32.745043,70379327,mine
way,1220476338,"Salt pond near 23.909, 69.656",23.908946,69.656290,70271425,salt_pond
way,1424967859,"Gold mine near 19.329, 34.223",19.328581,34.223497,69508012,mine
way,34541340,"Salt pond near 41.284, -112.973",41.283643,-112.972846,69438187,salt_pond
way,1353654822,"Gold mine near 21.500, 31.656",21.500373,31.656207,69368912,mine
way,1220476334,"Salt pond near 23.830, 69.445",23.830108,69.445170,68838066,salt_pond
way,411830246,汝箕沟煤矿,39.069712,106.099154,68752291,quarry
way,1424967862,"Gold mine near 19.393, 34.071",19.393125,34.071496,68551822,mine
way,1241475360,Талды-Булак Сол Жээк (Алтынкен),42.678670,75.689245,68415045,mine
way,160663694,Mildred Lake Mine,57.023765,-111.700134,68328071,quarry
relation,14013055,Λιγνιτωρυχείο Πτολεμαΐδας,40.441219,21.799000,67799657,quarry
relation,14330071,Kansanshi,-12.101219,26.439451,67200314,mine
way,293258283,Moranbah North Coal Mine (Underground),-21.889204,147.997340,67140543,mine
way,1364829855,Búsqueda de oro,-13.040189,-70.473787,66607211,quarry
relation,14037444,Maxwell Mine,-32.347638,150.869793,66431956,mine
way,1359979533,Aurora North Mine,57.318205,-111.515461,65200717,quarry
way,1263447854,"Salt pond near 23.235, 70.780",23.235138,70.780216,64946137,salt_pond
way,1116953244,Highland Valley Copper,50.505486,-121.078404,63937435,mine
way,293257531,Saraji Coal Mine,-22.384950,148.286153,63837902,mine
way,1230670130,Área Mina Sur 1 Nueva Victoria,-20.922684,-69.720254,63734733,mine
way,597933769,منطقة كسارات,31.314986,39.838827,63365602,quarry
way,445102271,"Gold mine near 20.518, 33.304",20.517554,33.304367,63190509,mine
relation,14220740,Groote Eylandt Mining Company (GEMCO),-13.994937,136.447854,63098651,mine
relation,1205596,Угольный разрез «Междуреченский»,53.639978,87.922814,62986095,quarry
relation,2415066,"Peat quarry near 55.001, 40.134",55.001500,40.134052,62713743,quarry
way,852193624,Minera Sierra Gorda,-22.856610,-69.364992,62207888,mine
way,1426720426,"Gold mine near 21.272, 31.107",21.272239,31.107301,61797213,mine
way,1364829851,Búsqueda de oro,-12.852182,-70.517280,61613593,quarry
relation,14504997,West Angelas Mine,-23.166926,118.767330,61558038,mine
relation,14500688,Jimblebar Mine,-23.366637,120.115368,61032331,mine
way,1335366264,"Mine near -21.295, 25.375",-21.294865,25.374980,60971607,mine
way,1230670128,Mina Nueva Victoria,-20.966904,-69.619650,60905123,mine
way,882569203,Ma'aden Wa'ad Al Shamal Phosphate Company,31.916892,39.021853,60703640,mine
way,178088807,HiCrush KERMIT 1 FACILITY,31.937570,-102.982968,60433276,quarry
way,1218340773,Mina Las Bambas,-14.077207,-72.321005,60346857,mine
way,1423295207,"Gold mine near 21.433, 33.502",21.433116,33.502481,60215298,mine
way,1236325403,"Quarry near 39.482, 106.955",39.481659,106.955428,60023964,quarry
way,866001481,"Salt pond near 32.751, 82.527",32.750953,82.527377,59878837,salt_pond
way,1348274671,"Salt pond near 37.012, 94.848",37.011854,94.848055,59763455,salt_pond
relation,14057673,Curragh Mine,-23.473398,148.877320,59572809,mine
way,1422436097,Кумтөр алтын кени,41.871519,78.173903,59470618,mine
relation,19445720,南堡盐场,39.200982,118.217108,59246045,salt_pond
way,608653864,"Coal quarry near 0.612, 117.412",0.611587,117.411745,59194840,quarry
way,161750262,"Quarry near -27.755, 23.000",-27.755195,22.999837,59149919,quarry
way,351053403,协作湖,36.967977,95.601187,58639428,salt_pond
way,159983857,Mina de Cananea,30.954569,-110.335105,58419803,quarry
way,1422871578,"Gold mine near 21.465, 35.231",21.464779,35.230544,57460147,mine
way,240002826,Mỏ Than Hạ Long,21.038537,107.283001,57382524,quarry
relation,15919385,"Quarry near 27.558, -82.005",27.558260,-82.004873,56593821,quarry
way,177919725,Mine du Mont Wright,52.778743,-67.328206,56550166,quarry
relation,16365328,"Salt pond near -32.044, 133.078",-32.044402,133.078023,56524451,salt_pond
relation,12875157,NICO Cobalt Mine,63.568029,-116.750960,55903628,mine
way,397269762,División Gabriela Mistral,-23.431714,-68.819052,55795722,mine
way,1263447974,"Salt pond near 23.118, 70.676",23.117949,70.675629,55326369,salt_pond
way,160663697,Muskeg River Mine,57.261218,-111.542423,55054828,quarry
way,166370777,"Quarry near 36.597, -108.493",36.597202,-108.493424,54295361,quarry
way,1423300267,"Gold mine near 20.508, 33.410",20.507670,33.409761,53792213,mine
way,174459433,Лучегорский угольный разрез,46.472335,134.230292,53771955,quarry
way,55937732,Office chérifien des phosphates المكتب الشريف للفوسفاط,26.349114,-12.810887,53654109,quarry
way,607465204,"Quarry near 30.859, 36.073",30.859053,36.072708,53237010,quarry
way,711558138,Newmont Cadia Valley Operations,-33.472306,148.997898,53070524,mine
way,30753531,Minera Yanacocha,-6.989273,-78.526067,52331478,quarry
way,379071897,Phar Kant Jade Mining,25.619836,96.292404,52302637,quarry
relation,20641576,San Miguel Lignite Mine,28.707859,-98.424251,52288455,quarry
way,206629216,Oyu Tolgoi,43.016912,106.867578,52022717,mine
relation,5303397,El Peñón,-24.368286,-69.468318,51788375,mine
relation,14080905,Moura Mine,-24.665833,150.052074,51702481,mine
relation,1239498,Краснобродский угольный разрез,54.160843,86.477110,51232205,quarry
relation,2832133,"Quarry near 58.258, 48.513",58.258426,48.513065,50944344,quarry
way,293259835,Foxleigh Mine,-22.961022,148.778665,50937425,mine
way,1508856637,منطقة كسارات,29.409905,43.819934,50524792,quarry
relation,20605579,PT Trubaindo Coal Mining coal quarry,-0.765115,115.655881,50301949,quarry
way,1509166302,"Gold mine near 20.662, 30.660",20.661523,30.659726,49995433,mine
relation,14504818,Area C mine,-22.924848,118.952142,49697876,mine
way,762061484,Fording River Operations,50.200223,-114.857634,49335998,quarry
relation,7591485,Dampier Salt Limited salt pond,-20.740458,116.658772,48972768,salt_pond
way,1455465180,"Quarry near 29.918, 36.191",29.918256,36.191329,48930287,quarry
way,1242187975,Mina Los Pelambres,-31.781456,-70.546717,48623660,mine
way,946970001,"Coal quarry near 0.650, 117.510",0.650466,117.510254,48448294,quarry
way,119053909,"Salt pond near 40.435, 90.757",40.434527,90.756802,48322167,salt_pond
way,849970930,Mina Zaldívar,-24.186125,-69.062245,47916181,mine
way,1087715997,"Gold quarry near 18.615, 33.585",18.615254,33.585236,47916011,quarry
way,607882056,"Coal quarry near 0.141, 117.354",0.141234,117.354116,47755652,quarry
way,293255746,Lake Vermont Mine,-22.450301,148.424062,47633956,mine
relation,2606647,Braunkohle-Tagebau Hambach,50.905420,6.531599,47575074,quarry
way,872024767,Mina Quebrada Blanca,-21.012841,-68.817798,47398741,mine
way,647620264,"Quarry near 69.128, 172.157",69.127951,172.156776,46925423,quarry
way,1498323767,"Quarry near -0.776, -60.162",-0.775724,-60.162052,46205724,quarry
way,1426446371,"Gold mine near 19.122, 35.717",19.121713,35.717333,46159606,mine
way,978195646,"Gold mine near 20.294, 30.627",20.293963,30.626956,46104465,mine
way,218671368,Murrin Murrin Mine,-28.784785,121.867780,45763810,quarry
relation,1273110,Ege Linyit İşletmesi,39.111811,27.573036,45714502,quarry
way,1131418862,Mina Peñasquito,24.636817,-101.699018,45429734,mine
way,293255745,Eagle Downs Mine (Underground),-22.169656,148.212513,45367078,mine
way,1230670129,Área Mina Sur 2 Nueva Victoria,-20.876571,-69.646425,45216064,mine
way,1441872609,"Gold mine near 21.280, 33.667",21.279638,33.667338,45161063,mine
way,1359980481,Fort Hills Mine,57.367832,-111.552093,45068225,quarry
way,1227573097,"Gold mine near 18.213, 34.065",18.212791,34.064948,45052478,mine
relation,13612543,"Salt quarry near 48.179, 46.894",48.179429,46.894251,45021199,quarry
way,52823830,Complejo Carbonífero El Cerrejón,11.126219,-72.559635,44930119,quarry
way,293259384,Riverside Mine,-21.745841,147.949516,44927180,mine
way,1365703407,Búsqueda de oro,-13.005307,-70.568754,44899792,quarry
way,140152418,North Antelope Rochelle Mine,43.575450,-105.292267,44788343,quarry
way,355143359,División Radomiro Tomic,-22.203486,-68.873771,44625822,mine
relation,14890584,Telford Cut,-30.479317,138.405735,44584508,mine
way,98642735,Mina de carbón Pribbenow,9.568420,-73.499543,44309101,quarry
way,1534492574,Indexim Coal Mine,1.045281,117.661723,44223398,quarry
way,849312704,Aguas Blancas,-24.160605,-69.873414,44047347,mine
way,34541337,"Salt pond near 41.316, -113.049",41.316274,-113.048658,43877276,salt_pond
way,145460687,Разрез Черногорский,53.727332,91.079227,43863785,quarry
relation,18098739,"Peat quarry near 60.411, 32.876",60.410760,32.875604,43763593,quarry
way,1101819952,Mina Toquepala,-17.257212,-70.610330,43466810,mine
relation,20605577,PT Trubaindo Coal Mining coal quarry,-0.546955,115.710564,43412817,quarry
relation,9403,Saline di Margherita di Savoia,41.401880,16.040489,43411145,salt_pond
relation,14489592,Firetail and Kings Valley Mines,-22.141286,117.883933,43367279,mine
way,634216211,"Salt pond near 40.423, 90.685",40.423062,90.685187,43263758,salt_pond
way,1101454714,Mina da Fazenda Jardim,-18.888382,-43.418368,43082410,quarry
way,27152486,Búsqueda de oro,-12.942333,-70.637939,43046318,quarry
way,1364320766,Búsqueda de oro,-13.084122,-70.221027,43043078,quarry
relation,110469,Shark Bay Salt Pty Ltd salt pond,-21.652274,115.204025,43038518,salt_pond
way,293257790,Moorvale Mine,-21.980839,148.364735,42964637,mine
way,301336801,"Gold mine near 21.057, 33.401",21.056995,33.401431,42922107,mine
way,637577975,"Quarry near 69.381, 178.479",69.381093,178.479342,42589620,quarry
way,657331185,Donlin Gold Mine,62.042177,-158.176321,42506973,quarry
way,602705319,"Quarry near 44.825, 118.435",44.824956,118.434942,42046673,quarry
way,1419936965,"Gold mine near 21.398, 31.452",21.397817,31.452271,41991144,mine
relation,9839589,Mina de Ferro de Carajás,-6.068318,-50.163748,41695308,quarry
way,1370800552,Tronox Cooljarloo Mine,-30.628076,115.405425,41571817,mine
relation,16933291,"Quarry near 27.775, -81.936",27.775243,-81.935691,41372921,quarry
way,185817741,Gold Fields Tarkwa Mine,5.308656,-2.033869,41164260,quarry
relation,7981617,Grande Cache Coal Mine,54.025632,-119.232067,41039266,quarry
way,174827274,Rolleston Coal Mine,-24.452830,148.406287,40871696,mine
way,244427351,Boseto Copper Project,-20.567064,22.955267,40674356,mine
way,1317557548,Угольный разрез Эльгинский,56.159373,130.622426,40631003,quarry
way,844044375,Bingham Canyon Mine,40.530808,-112.135262,40568680,mine
way,1274283022,Amrun Mine,-12.947186,141.651545,40448496,quarry
way,26304244,"Quarry near 32.661, -6.687",32.660564,-6.686631,40384601,quarry
way,865802731,Planta Salar Atacama Albemarle,-23.639708,-68.320964,40326259,mine
way,1049674703,"Mine near -27.599, 122.360",-27.599265,122.359830,40172315,mine
way,1415723035,Busqueda de oro,-12.610186,-69.406417,39992217,quarry
way,159845576,Mission Complex,31.993507,-111.046192,39948768,quarry
relation,14502607,Newman West (Mount Whaleback) Mine,-23.364710,119.671243,39618132,mine
way,638354631,"Quarry near 32.258, -7.824",32.258254,-7.823553,39567308,quarry
way,672629732,"Quarry near 29.939, 32.436",29.939037,32.435709,39398918,quarry
way,401817080,Торфараспрацоўкі «Выганашчанскае»,52.790732,25.880259,39353846,quarry
way,1149480464,"Mine near -2.520, 106.303",-2.519866,106.303142,39190352,mine
way,1150622337,"Quarry near -25.981, 29.653",-25.981434,29.652597,39143999,quarry
way,355143364,División Chuquicamata,-22.289663,-68.890316,39097821,mine
relation,2264341,Aitik,67.069551,20.904240,38952157,mine
relation,14508163,RTIO Yandicoogina mine,-22.794606,119.236380,38949662,mine
relation,18481885,ГОК Малмыжский,49.938262,136.911200,38715927,mine
way,1220457187,Сыллахское месторождение угля,57.014668,121.834626,38514442,mine
way,908363156,"Quarry near 25.904, 45.611",25.904495,45.610558,38483590,quarry
way,1349825962,驱龙矿区,29.633455,91.601876,38456673,quarry
way,1334231983,"Salt pond near 38.019, 92.945",38.018772,92.944890,38345042,salt_pond
way,1231581821,Faena Negreiros Cosayach,-19.761532,-69.929420,38154593,mine
way,184444306,Mineras Cerro Verde,-16.528946,-71.593476,38101965,quarry
relation,15791037,Fort Meade Mine,27.632225,-81.755166,38046637,quarry
way,185835016,Olympic Dam Mines,-30.433730,136.852216,37764222,mine
way,329309157,Curragh North Mine,-23.304524,148.878776,37740819,mine
way,1536929468,"Gold mine near 15.777, 34.614",15.777244,34.614229,37720291,mine
way,1441872593,"Gold mine near 21.184, 33.614",21.184132,33.614132,37536032,mine
way,706826293,Algorta Norte,-23.087740,-69.845009,37378387,mine
way,863997706,Прииск,62.573448,150.251632,37346635,mine
relation,9671806,Boddington Gold Mine,-32.729603,116.359229,37050441,mine
way,196251694,Bulga Mine,-32.671271,151.088622,37048507,mine
way,1343001996,"Quarry near 30.061, 32.255",30.060641,32.254953,36880570,quarry
way,1425384816,"Coal quarry near 35.671, -108.967",35.670758,-108.967002,36786434,quarry
way,173030283,Gregory Coal Mine,-23.177531,148.362139,36743828,mine
way,1419637673,"Gold mine near 20.812, 33.184",20.811553,33.183807,36662456,mine
way,1423295213,"Gold mine near 21.318, 33.040",21.318241,33.040221,36615616,mine
way,941891761,Marigold Mine,40.716857,-117.159196,36528472,quarry
way,199754296,Jackpine,57.237382,-111.355790,36396309,quarry
way,558853240,"Quarry near 48.243, 104.356",48.242960,104.356060,36312526,quarry
way,376595687,División Ministro Hales,-22.373973,-68.892081,36310964,mine
way,762333037,Greenhills Operations,50.104890,-114.871691,36277763,quarry
way,1423295214,"Gold mine near 21.352, 33.174",21.351994,33.174374,36240469,mine
way,978510839,"Gold mine near 20.286, 30.486",20.285575,30.485650,36216953,mine
way,909137792,"Salt pond near 37.254, 54.060",37.254378,54.059554,36073714,salt_pond
way,398590227,North Steepbank Extension,57.011274,-111.341058,36068719,quarry
way,228403156,Нарийн Сухайтын чулуун нүүрсний уурхай,43.001566,101.205153,35995685,quarry
relation,5730944,"Quarry near 30.841, 35.074",30.841143,35.073863,35968131,quarry
way,180130157,"Quarry near 47.691, 34.227",47.691404,34.226719,35841000,quarry
way,280460601,"Quarry near 39.517, 106.636",39.516587,106.635835,35830438,quarry
way,1414378147,"Gold mine near 20.791, 30.300",20.790558,30.300203,35721241,mine
way,113657491,Mina El Abra,-22.000254,-68.692558,35654657,mine
relation,14508164,Yandi,-22.730903,119.052096,35567251,mine
way,1353654809,"Gold mine near 21.263, 31.940",21.262726,31.939519,35541758,mine
way,293256037,Caval Ridge Mine,-22.164914,148.094323,35468082,mine
way,220019541,霍林河露天煤矿（南露天矿）,45.478325,119.577376,35459223,quarry
way,351053399,"Salt pond near 36.961, 95.706",36.960899,95.706485,35429729,salt_pond
relation,16933300,"Quarry near 27.678, -81.741",27.678065,-81.741141,35401164,quarry
way,253488277,"Quarry near -14.345, -48.399",-14.345205,-48.398716,35377655,quarry
way,1111730900,Braunkohle-Tagebau Garzweiler,51.065727,6.465442,35334955,quarry
way,293259184,North Goonyella (Underground),-21.650951,147.977256,35305398,mine
way,149519832,"Quarry near 56.711, 124.585",56.711290,124.585400,35178051,quarry
relation,16933287,"Quarry near 27.725, -81.901",27.725130,-81.900886,35115604,quarry
way,293258116,Millennium Mine,-22.021164,148.244814,35110033,mine
way,744465423,"Coal quarry near 37.405, -83.124",37.404860,-83.124279,35084429,quarry
way,894427322,Busqueda de oro,-12.944831,-70.041824,34825827,quarry
way,1344842631,"Gold quarry near 21.792, 25.390",21.792345,25.390228,34652992,quarry
way,161479335,Twin Creeks Mine,41.254482,-117.160369,34510511,quarry
way,1413197780,"Gold quarry near 15.286, 34.934",15.285885,34.933563,34276533,quarry
way,140880712,Telfer Mine,-21.731104,122.209924,34211475,quarry
way,125074661,"Peat quarry near 57.698, 25.765",57.698494,25.765467,34110642,quarry
way,794895732,"Quarry near 37.031, -82.709",37.031271,-82.708781,34108410,quarry
way,1117936067,Gibraltar Mine,52.533658,-122.271322,34058767,mine
way,486826409,Томинский горно-обогатительный комбинат,54.920493,61.239149,33849447,mine
way,199754274,Kearl,57.407894,-111.115578,33762456,quarry
way,293257654,Poitrel Mine,-22.070744,148.246152,33623352,mine
way,1223975962,"Salt pond near 40.672, -113.829",40.672362,-113.829081,33622316,salt_pond
way,159972389,Bagdad Mine,34.585520,-113.229439,33581772,quarry
way,1539127430,مملحة غرب الفاو,30.124103,48.027536,33575638,salt_pond
relation,9514130,Botash salt pond,-20.509518,26.084069,33290954,salt_pond
way,1089948074,"Quarry near 54.132, 124.618",54.131926,124.618339,33235118,quarry
way,97093854,Kopalnia Węgla Brunatnego Bełchatów - Pole Bełchatów,51.239520,19.295596,33231883,quarry
way,68430067,Saltworks,21.018818,-73.616498,33131198,salt_pond
relation,14504644,Hope Downs Mine,-22.981220,119.102383,33065068,mine
way,384189015,Salina,12.310014,-71.807866,33019389,salt_pond
way,274096421,Λιγνιτωρυχεία Αμυνταίου,40.608216,21.646702,33013198,quarry
way,161592657,Mina El Salvador,-26.250946,-69.575009,32979104,mine
relation,1868225,"Quarry near 58.880, 50.369",58.879812,50.368949,32842526,quarry
way,1226807940,Mina Caserones,-28.178365,-69.543984,32832402,mine
way,532076205,Lomas Bayas,-23.440592,-69.526923,32661819,mine
relation,7100847,灶户盐场,37.065865,119.406736,32619213,salt_pond
way,1062266782,"Coal mine near -23.010, 148.725",-23.010086,148.725348,32486739,mine
relation,14541122,Kalgoorlie Consolidated Gold Mine,-30.773303,121.524953,32269060,mine
way,138382081,Mantos Blancos,-23.431812,-70.065823,32232201,mine
way,1052882804,"Mine near -20.750, 139.454",-20.749936,139.453881,32174208,mine
relation,14504819,South Flank mine,-22.995823,118.935774,32165726,mine
relation,14496124,Mesa A,-21.665336,115.866797,32135070,mine
way,617437631,G E C A M I N E S,-10.701801,25.416698,32103879,quarry
way,1091509363,"Gold mine near 19.581, 33.978",19.581100,33.978266,32023338,mine
way,463200340,Elkview Operations,49.747597,-114.811368,32013684,quarry
way,251446165,Codelco Chile División Andina,-33.075279,-70.251215,31854665,mine
way,377104484,Mina El Abra,-21.927384,-68.806698,31814501,mine
way,273424455,Кушокинское,50.257744,73.404346,31763156,quarry
way,1137452315,CSN - Mina de Casa de Pedra,-20.475181,-43.909525,31750773,quarry
way,1231581819,Faena Negreiros Cosayach,-19.888390,-69.866711,31650993,mine
way,253833928,Mantoverde,-26.556797,-70.315175,31453305,mine
way,800451484,"Quarry near 6.198, -61.448",6.198497,-61.447983,31428723,quarry
way,773805068,Ақтоғай,46.963672,79.967997,31409411,mine
way,273429483,"Quarry near 50.870, 73.673",50.869502,73.673418,31319630,quarry
way,1124018738,"Coal quarry near -2.203, 115.522",-2.202900,115.522493,31307728,quarry
way,455516582,"Salt pond near 22.237, 69.163",22.237248,69.163006,31197289,salt_pond
way,293259137,Coppabella Mine,-21.850573,148.445419,31129742,mine
way,1414378961,"Gold quarry near 19.493, 29.971",19.493204,29.970504,30950515,quarry
way,65082081,Mina Kori Kollo,-17.823537,-67.477363,30946087,mine
way,1466272345,"Gold mine near 21.728, 34.976",21.727723,34.976040,30852313,mine
way,140232583,Caballo Mine,44.148338,-105.386853,30781450,quarry
way,1055393558,Garden Well Gold Mine,-27.905091,122.364381,30763332,quarry
relation,14078222,Yarrabee Mine,-23.284151,149.033983,30639909,mine
relation,6762880,Sundance Coal,53.505682,-114.638132,30637387,quarry
way,121782213,Jellinbah Mine,-23.389478,148.957358,30584382,mine
way,634216202,"Salt pond near 40.344, 90.784",40.344373,90.783721,30393165,salt_pond
way,159969425,Ray Mine,33.165362,-110.984638,30297817,quarry
way,1093681260,"Quarry near 55.216, 123.273",55.216368,123.272840,30275369,quarry
way,1377157548,كسارة,29.725513,40.629416,30248963,quarry
way,1229795925,"Mine near -20.734, -67.278",-20.734265,-67.278326,30245630,mine
relation,17086253,Důl Nástup - Tušimice,50.416837,13.361069,30176537,quarry
way,1424967861,"Gold mine near 19.427, 34.017",19.427321,34.017293,29956541,mine
way,186211977,Minera Antamina,-9.552099,-77.045762,29948274,quarry
way,302660268,Silver Peak Lithium Mine,37.768495,-117.575100,29897630,quarry
way,1422871576,"Gold mine near 21.341, 35.176",21.341362,35.176052,29825960,mine
way,193102363,准格尔煤田,39.741251,111.262431,29821175,quarry
way,867594000,"Salt pond near 38.079, 90.995",38.079209,90.995013,29811042,salt_pond
way,160942210,Mount Tom Price,-22.762944,117.763229,29764283,mine
way,200953374,Mina Marcona,-15.203206,-75.098379,29577121,quarry
way,224369653,"Uranium quarry near 43.667, 51.496",43.666778,51.495960,29566738,quarry
way,908587802,"Quarry near 27.105, 49.145",27.105091,49.145324,29545014,quarry
way,42918479,"Quarry near 51.634, 75.364",51.634158,75.363743,29414119,quarry
way,1423300620,"Gold mine near 20.711, 32.569",20.711315,32.568982,29352509,mine
way,158912308,Round Mountain Gold Mine,38.698723,-117.097774,29328224,quarry
relation,13909721,"Mine near -30.436, 136.860",-30.436284,136.859573,29314168,mine
way,338261603,Mina Candelaria,-27.518913,-70.303158,29133697,mine
relation,2424820,"Quarry near 53.029, -66.947",53.029234,-66.947248,29099629,quarry
way,387688593,Tambang Batu Bara,-0.218863,117.226715,29070847,quarry
relation,16938056,"Quarry near 27.669, -82.104",27.669215,-82.104400,29033481,quarry
way,1279889516,Kagem Emerald Mine,-13.072370,28.152746,28994124,mine
way,641183743,"Quarry near 69.186, 178.705",69.186323,178.704739,28976521,quarry
way,1348274672,"Salt pond near 37.014, 94.704",37.013969,94.704054,28975941,salt_pond
way,1264484621,Mina Los Bronces,-33.165408,-70.306618,28914372,mine
relation,16938054,"Quarry near 27.729, -82.185",27.729213,-82.185222,28846941,quarry
way,634216209,"Salt pond near 40.358, 90.696",40.357609,90.695967,28823714,salt_pond
way,1360204156,"Quarry near -12.533, 141.920",-12.532584,141.919610,28485197,quarry
way,894427320,Busqueda de oro,-12.916868,-70.062259,28409905,quarry
way,1218010627,"Quarry near 25.069, 47.449",25.068633,47.448618,28234815,quarry
relation,16694797,First Quantum,8.860584,-80.655549,28049761,quarry
way,236236855,"Quarry near 59.436, 52.567",59.435797,52.566940,27862106,quarry
way,159152240,Miami Mining Complex,33.408064,-110.887409,27762152,quarry
way,196251696,"Coal mine near -32.448, 151.028",-32.448439,151.027572,27731741,mine
way,866006072,"Salt pond near 33.538, 81.217",33.538260,81.217224,27693604,salt_pond
way,565499458,"Salt pond near -21.800, 14.006",-21.800075,14.006331,27633068,salt_pond
way,102764764,"Quarry near 64.688, 30.683",64.688233,30.683095,27596308,quarry
way,979704773,"Salt pond near 38.227, 94.129",38.227035,94.129154,27559952,salt_pond
way,602705320,"Quarry near 44.912, 118.575",44.912055,118.575088,27429310,quarry
way,847007857,Minera Antucoya,-22.620916,-69.864484,27355616,mine
way,961245817,"Coal mine near -32.413, 151.093",-32.413379,151.093404,27323869,mine
relation,14503811,Hope Downs 4 Mine,-23.142914,119.546910,27323744,mine
relation,16933289,"Quarry near 27.870, -81.904",27.869770,-81.904283,27322416,quarry
way,1424967860,"Gold mine near 19.404, 33.897",19.403631,33.896539,27271551,mine
relation,13076573,"Quarry near 38.060, -81.708",38.059889,-81.707705,27169481,quarry
way,293258217,Isaac Plains Coal Mine,-21.969983,148.130283,27143952,mine
way,647696422,"Salt pond near -6.693, 111.192",-6.692555,111.192451,27106279,salt_pond
way,897316696,"Coal quarry near -3.722, 115.461",-3.722067,115.461138,27098897,quarry
way,1272550162,"Quarry near 40.126, 118.553",40.126198,118.553217,27024748,quarry
relation,9606211,Rio Tinto Borax Mine,35.046373,-117.682335,27000450,quarry
way,607149062,"Quarry near -14.559, -69.597",-14.558882,-69.597053,26949783,quarry
way,1220476335,"Salt pond near 23.852, 69.125",23.852004,69.124836,26869966,salt_pond
relation,3190069,Venetia Diamond Mine,-22.433974,29.318178,26773619,quarry
relation,14053757,Callide Mine,-24.295996,150.609383,26753857,mine
way,38896538,Mine de bauxite,11.088430,-13.778877,26680868,quarry
way,293258966,Plumtree Mine,-21.692426,148.176197,26672856,mine
way,1242084823,Chitotolo,-7.827636,21.409680,26666245,quarry
way,226869789,Busqueda de oro,-12.838054,-69.955941,26649013,quarry
relation,1239499,Вахрушевский угольный разрез,53.967822,86.622944,26598500,quarry
way,293257743,Carborough Downs Mine (Underground),-21.975117,148.258499,26578763,mine
relation,17354956,"Salt pond near 22.996, 70.164",22.996313,70.164307,26449771,salt_pond
way,283471941,Karyer,40.308405,49.521201,26317846,quarry
way,119053911,"Salt pond near 40.396, 90.762",40.395948,90.762320,26287251,salt_pond
relation,3548144,Tagebau Nochten - Brunicowa jama Wochozy,51.493613,14.559518,26197341,quarry
relation,15919383,"Quarry near 27.571, -81.895",27.571494,-81.894697,26185818,quarry
way,1365537733,"Quarry near 2.326, 117.552",2.326000,117.551993,26069760,quarry
way,232489981,Mina de carbón Jagua de Ibírico,9.575435,-73.279472,26037479,quarry
way,1544857998,"Gold mine near 18.448, 34.017",18.448488,34.017344,25990346,mine
way,655680722,معدن سنگ آهن,28.833317,55.953555,25952105,quarry
way,455261580,"Quarry near 49.389, 119.739",49.389323,119.739404,25899714,quarry
way,227122824,№2 карьері,43.840551,51.394620,25804487,quarry
way,694244282,伊敏河煤矿一号露天坑,48.584601,119.726785,25784746,quarry
way,1361917906,Diamond Diggings,-27.356424,25.440322,25772396,quarry
way,198986826,"Quarry near 55.848, 94.921",55.847729,94.921394,25670455,quarry
way,845356023,"Quarry near 23.656, 15.736",23.655663,15.736243,25667259,quarry
way,293259686,Middlemount Mine,-22.848912,148.652012,25599408,mine
way,1249073392,"Quarry near -0.744, -60.115",-0.744487,-60.114649,25586567,quarry
way,293257653,Daunia Mine,-22.075959,148.299286,25550412,mine
way,196251691,Mount Thorley Mine,-32.608960,151.066380,25485714,mine
way,56146167,Neyveli III Coal Mine,11.513778,79.485320,25438224,quarry
relation,1239495,Талдинский угольный разрез,54.170725,87.201999,25389013,quarry
way,1544859001,"Gold mine near 19.102, 34.079",19.101820,34.079393,25369515,mine
way,481824683,Mahoning-Hull-Rust Mine,47.458333,-92.955487,25367966,quarry
relation,14523620,St Ives Gold Mine,-31.309020,121.753563,25330947,mine
relation,15727817,Swift Creek Mine,30.464923,-82.790679,25248815,quarry
way,140233625,Buckskin Mine,44.461471,-105.540143,25215291,quarry
way,155297135,Talvivaaran kaivos,63.971375,28.041485,25151211,mine
relation,5960412,"Quarry near 39.428, -79.207",39.428229,-79.206721,25132472,quarry
way,250242538,Muliashi Mine,-13.076273,28.335751,25074432,mine
way,401675951,Mina La Coipa,-26.812441,-69.262228,25030715,mine
relation,16903504,"Quarry near 27.622, -82.184",27.621698,-82.183561,25001966,quarry
relation,14500263,Sino Iron Project,-21.063957,116.160687,24983208,mine
way,705768075,"Coal quarry near -3.899, 115.024",-3.899393,115.023762,24951115,quarry
way,414578140,"Quarry near -21.514, 25.693",-21.514312,25.692577,24922832,quarry
way,1423295198,"Gold mine near 21.503, 33.572",21.502920,33.572340,24870068,mine
way,1231783093,Mina Cerro Colorado,-20.056897,-69.266292,24771386,mine
relation,18306711,Lom Bílina,50.571655,13.719107,24728582,quarry
way,779444849,Mina Franke,-25.833827,-69.896606,24696118,mine
way,962563082,"Quarry near 44.076, 116.205",44.075659,116.204553,24616867,quarry
way,32772716,Mina Cuajone,-17.043937,-70.717571,24546269,quarry
way,196251702,"Coal mine near -32.526, 151.011",-32.526028,151.010827,24388447,mine
way,1159202303,Торфараспрацоўкі «Цна»,54.517960,28.086970,24294203,quarry
way,275609847,Grosvenor Coal Mine (Underground),-21.951584,148.000347,24063090,mine
way,387688594,Tambang Batu Bara,-0.204216,117.128759,23995174,quarry
way,918091202,"Quarry near 39.633, 113.801",39.633100,113.801024,23979301,quarry
way,218671366,"Bauxite quarry near -12.618, 141.965",-12.617952,141.965331,23847276,quarry
way,317790552,"Salt pond near 39.743, 105.717",39.743262,105.716525,23821553,salt_pond
way,1422871577,"Gold mine near 21.410, 35.129",21.409605,35.128986,23821048,mine
relation,17838749,"Quarry near -8.231, 20.755",-8.230847,20.755033,23789778,quarry
way,631087832,"Quarry near -7.637, -56.739",-7.636689,-56.739146,23750507,quarry
way,687828738,"Quarry near 57.659, 134.531",57.659318,134.531224,23726368,quarry
way,140152763,"Quarry near 43.504, -105.375",43.504012,-105.375290,23664474,quarry
way,235421660,Kopalnia Węgla Brunatnego Bełchatów - Pole Szczerców,51.239096,19.152236,23584704,quarry
way,1192619769,"Quarry near 25.496, 96.099",25.496179,96.099200,23463684,quarry
relation,11270019,Ukni Open Cast Coal Mine,20.025537,79.060685,23444625,mine
way,1415869084,"Gold quarry near 21.936, 25.355",21.935592,25.355243,23431635,quarry
way,1323262568,Búsqueda de oro,-12.971536,-70.393500,23343865,quarry
way,1353654808,"Gold mine near 21.276, 32.076",21.276422,32.076233,23338684,mine
relation,17536942,"Salt pond near 23.176, 70.917",23.175503,70.917157,23301572,salt_pond
relation,16933295,"Quarry near 27.807, -82.024",27.806960,-82.024058,23226060,quarry
way,208423367,Jalai Nur Coal Mines,49.410295,117.727681,23211700,quarry
way,77450109,"Quarry near 54.125, 86.512",54.125500,86.512020,23172090,quarry
way,293259836,"Coal mine near -22.916, 148.648",-22.915967,148.647768,23147776,mine
way,174682444,Newlands Complex,-21.222110,147.902499,23137308,mine
way,1421193394,مقالع الرميلة الجنوبية,30.447438,47.448878,23115577,quarry
way,1348274669,"Salt pond near 36.997, 94.996",36.997250,94.996298,23092993,salt_pond
way,672174416,Mina Invierno,-52.892602,-71.645757,23082684,quarry
way,1474350310,Cardinal Mine Site,10.646977,-0.659079,23032550,quarry
way,1353654823,"Gold mine near 21.551, 31.652",21.550831,31.651725,22896627,mine
way,884244400,Chuquicamata Subterránea,-22.320993,-68.846934,22884107,mine
way,974963996,Lake & Mineral Resources,35.708670,-117.327262,22825358,quarry
relation,13269696,"Coal quarry near 37.738, -82.081",37.737955,-82.080852,22819853,quarry
way,169872605,Minera San Cristóbal,-21.109915,-67.209108,22739617,mine
way,540420944,"Quarry near 18.464, 42.610",18.464079,42.609578,22681410,quarry
relation,14496125,Mesa J Mine,-21.750340,116.236491,22634592,mine
relation,14511087,Western Turner Syncline 2 (RTIO),-22.697359,117.464831,22602581,mine
way,1279889515,Fwaya-Fwaya Emerald Mine,-13.107523,28.099240,22593611,mine
way,1053036820,South Blackwater Mine (closed),-23.944724,148.824008,22557561,mine
way,1195864626,CNRL Horizon,57.321793,-111.791759,22531840,quarry
way,1365701722,Búsqueda de oro,-13.005866,-70.646046,22516496,quarry
way,484226020,盐池,35.018876,111.057623,22465560,salt_pond
way,218671365,"Bauxite quarry near -12.686, 141.958",-12.685575,141.958108,22446560,quarry
way,18501487,Kopalnia Węgla Brunatnego Turów,50.906497,14.895728,22440118,quarry
relation,18793053,Tambang Batubara,-0.414871,114.844912,22419727,quarry
way,1417482221,乌努格吐山铜钼矿,49.417215,117.313366,22377404,mine
way,1246440503,Mina El Soldado,-32.651110,-71.135623,22376026,mine
way,196251701,"Coal mine near -32.562, 150.981",-32.561501,150.981010,22344218,mine
way,1263454711,"Salt pond near 23.193, 70.409",23.192922,70.409208,22311680,salt_pond
relation,12599943,Semirara Mining and Power Corporation quarry,12.112705,121.378782,22298070,quarry
way,1365516524,"Quarry near 1.998, 117.376",1.997860,117.376373,22288923,quarry
relation,17169853,Shark Bay Salt Pty Ltd salt pond,-21.701308,115.167908,22276399,salt_pond
relation,7428963,Kosse Mine,31.299140,-96.458362,22217119,quarry
way,481765851,Mine d'Or d'Ity,6.861261,-8.111017,22214718,quarry
way,1474821561,Endeavour Mine,8.272673,-4.636717,22205824,quarry
way,704272774,Wilpinjong Coal Mine,-32.333643,149.871660,22102578,mine
way,387983372,"Salt pond near 10.321, 79.818",10.321466,79.817795,22102002,salt_pond
way,158914318,Cortez Open Pit Mine,40.241606,-116.707136,22046753,quarry
way,1422147533,"Gold mine near 21.474, 35.355",21.473558,35.355474,21975909,mine
way,140152429,"Quarry near 43.515, -105.300",43.515231,-105.300446,21964531,quarry
way,942339301,Phoenix Mine,40.513744,-117.134793,21952441,quarry
way,442677823,Projet minier du lac Bloom,52.845770,-67.299160,21880566,quarry
way,5052190,Lom Jiří,50.210337,12.682683,21868860,quarry
way,391274229,"Quarry near -19.620, -43.245",-19.620414,-43.245439,21805943,quarry
relation,16334129,"Sand quarry near 15.347, -16.769",15.347116,-16.769155,21756533,quarry
way,1333101938,Ernest Henry Mine,-20.444847,140.720431,21742589,mine
way,481820094,"Iron ore quarry near 47.426, -93.074",47.425827,-93.073921,21713799,quarry
way,1348274670,"Salt pond near 36.986, 94.958",36.985533,94.957644,21686413,salt_pond
way,908587861,"Quarry near 27.208, 49.124",27.208407,49.123876,21652796,quarry
relation,16481624,"Quarry near 39.260, -114.992",39.260459,-114.991830,21631474,quarry
relation,16933294,"Quarry near 27.866, -82.012",27.865504,-82.011642,21576417,quarry
way,1387637406,"Gold mine near 20.932, 35.003",20.932089,35.003206,21491874,mine
way,1222477270,Mina Cerro Negro Norte,-27.112205,-70.345346,21491425,mine
way,1049025971,"Gold mine near -29.251, 124.546",-29.250620,124.546445,21445247,mine
way,327526975,Ерковецкий угольный разрез,50.323569,128.448460,21376506,quarry
way,1334231978,"Salt pond near 37.476, 93.892",37.475714,93.891525,21355777,salt_pond
way,1424967871,"Gold mine near 20.632, 34.965",20.632441,34.964695,21309175,mine
way,155197798,Tagebau Welzow-Süd - Brunicowa jama Wjelcej-pódpołdnjo,51.575322,14.243633,21300126,quarry
way,1384776193,"Quarry near -28.582, 32.334",-28.581689,32.333701,21290253,quarry
way,1135462961,Mutlaa (Quarries),29.305349,47.421613,21257424,quarry
way,199995355,Tazadit تازاديت,22.669338,-12.460446,21225968,quarry
way,26953948,"Peat quarry near 58.397, 29.896",58.396853,29.895591,21191557,quarry
way,141096808,Jundee Mine,-26.366037,120.600472,21163684,quarry
relation,9504941,Philsaga Mining Corporation gold mine,8.282833,126.025167,21152899,mine
relation,18166117,Mineração Abdala,-15.696909,-56.343364,21128266,quarry
way,1473222464,"Quarry near 45.368, 119.409",45.368245,119.409386,21102021,quarry
way,27012889,Mina Tintaya,-14.893777,-71.317647,21091672,quarry
way,1415869083,"Gold quarry near 21.958, 25.476",21.958461,25.475913,21061040,quarry
way,1264420671,"Salt pond near 23.168, 68.674",23.167669,68.674280,20995124,salt_pond
way,140233620,Eagle Butte Mine,44.375732,-105.514576,20988361,quarry
way,1095889206,"Quarry near 41.045, 21.514",41.045072,21.514453,20871480,quarry
way,982810559,Neyveli I Coal Mine,11.559206,79.505429,20813850,quarry
relation,13118729,Gevra Open Cast Mine,22.335123,82.584258,20698540,quarry
relation,14471754,Brockmam 2 Mine,-22.424097,117.403983,20694122,mine
way,170659863,"Quarry near 47.779, 67.831",47.778830,67.831449,20674744,quarry
way,192528821,Moatize Coal Mine,-16.177041,33.805617,20545620,quarry
way,237508742,Boddington Gold Mine (South Pit),-32.758217,116.351788,20446743,mine
way,159849046,Sierrita Mine,31.868067,-111.129529,20393096,quarry
way,1458091155,"Gold quarry near 6.505, -2.042",6.504535,-2.042427,20390030,quarry
relation,16938055,"Quarry near 27.663, -82.184",27.663251,-82.184404,20355230,quarry
way,140235457,Chino Mine,32.788671,-108.068258,20352020,quarry
way,389132013,Kenmare Mine,-16.523829,39.643417,20243020,quarry
way,1343853748,Proyecto Minero El Encierro,-29.079229,-69.884174,20233326,mine
way,365994127,Minas de Oro del Lago Suches,-14.801270,-69.320093,20122918,quarry
way,828362840,مملحة بغداد,33.399740,44.864465,20046150,salt_pond
relation,1239494,Сартакинский угольный разрез,54.529576,86.502961,19987926,quarry
way,1363828197,"Quarry near 3.685, 117.238",3.684719,117.238493,19974461,quarry
way,849946467,معدن سنگ آهن باغات,28.783704,55.956589,19910961,quarry
way,1220487548,Mina Arqueros,-26.647316,-69.160791,19886454,mine
way,336367226,"Quarry near 59.934, 93.603",59.934312,93.603355,19810268,quarry
way,140853736,West Decker,45.057576,-106.837294,19762219,quarry
relation,14500597,Paraburdoo,-23.242363,117.604494,19722594,mine
way,1441872596,"Gold mine near 21.331, 33.510",21.330867,33.510479,19650158,mine
relation,15615456,Carmen Copper Mine,10.334475,123.734019,19631200,mine
relation,14511088,Newman East Mine,-23.314877,119.799482,19630477,mine
way,830180184,"Mine near 37.409, 113.669",37.408883,113.669486,19622363,mine
way,1412166350,Salt Refinery Botash and Sowa Salt,-20.502349,26.073235,19572216,quarry
way,251021938,Chambishi Mine,-12.660793,28.044095,19508499,mine
relation,2402087,Cedar Lake,32.816019,-102.274106,19506047,salt_pond
way,759030247,Tyrone Mine,32.642175,-108.372847,19499662,quarry
way,541377726,Jeroy fosforit koni zaxiralari,41.267140,64.605182,19451911,quarry
relation,14183934,Macraes Gold Mine,-45.357564,170.436656,19445582,quarry
way,1352665270,"Quarry near 30.641, 29.826",30.640743,29.825910,19443869,quarry
way,355367015,Mina El Teniente,-34.096206,-70.367459,19434324,mine
way,1230670127,Área Mina Sur 5 Nueva Victoria,-21.037914,-69.662901,19424649,mine
way,87499065,"Peat quarry near 58.821, 30.559",58.820763,30.559184,19411104,quarry
relation,4783817,Олимпиадинское месторождение,59.866091,92.915641,19380334,quarry
way,790953313,"Coal quarry near -3.731, 115.308",-3.730943,115.307593,19329045,quarry
way,816993052,Mina La Herradura,31.146879,-112.867589,19323113,quarry
way,1424979106,"Gold mine near 21.158, 32.999",21.158389,32.999100,19312271,mine
relation,16803631,Magnesite mines,11.728681,78.133272,19258597,quarry
way,1263454714,"Salt pond near 23.184, 70.463",23.184217,70.463452,19127915,salt_pond
way,1315074889,"Salt pond near 26.934, 75.188",26.934309,75.188113,19077893,salt_pond
relation,14893603,Marradong Mining Area,-32.836626,116.433786,19007523,mine
way,188115800,Kışlaköy Kömür Madeni,38.349411,37.078576,18964990,quarry
way,159849133,Twin Buttes Mine,31.894609,-111.044932,18923384,quarry
way,140228674,"Quarry near 43.949, -105.288",43.949499,-105.288422,18923148,quarry
relation,14595645,Obed Mountain Mine,53.574076,-117.488135,18906123,quarry
relation,16181951,"Quarry near 28.588, -82.441",28.588076,-82.440889,18890255,quarry
way,1236823517,"Quarry near 27.816, -81.925",27.816262,-81.925383,18858342,quarry
way,188618065,Batu Hijau Mine,-8.971603,116.878769,18852724,quarry
way,889389580,"Quarry near 11.209, -14.433",11.209032,-14.433200,18843893,quarry
way,145757158,"Iron ore quarry near 47.658, -91.944",47.658068,-91.944366,18827095,quarry
way,1334231981,"Salt pond near 37.409, 94.008",37.408534,94.008103,18816568,salt_pond
way,228500558,"Quarry near 25.027, 51.113",25.027057,51.112777,18807007,quarry
way,807456174,"Quarry near 43.961, 115.924",43.961492,115.923984,18806053,quarry
way,160946235,Mount Keith Mine,-27.234070,120.546113,18802432,quarry
way,705768067,"Coal quarry near -3.875, 115.120",-3.875310,115.120272,18782674,quarry
relation,16938053,"Quarry near 27.721, -82.119",27.721481,-82.119296,18736559,quarry
way,220210007,Mine Essakane,14.374144,0.075492,18731764,mine
way,1374697673,"Quarry near 29.563, 32.164",29.562820,32.164336,18696543,quarry
relation,9501841,Diamond Mines,-19.613432,32.353871,18667182,quarry
way,445993949,Маломырский рудник,53.060137,131.715722,18661112,quarry
way,1027666858,"Quarry near 55.966, 115.232",55.965531,115.232382,18612561,quarry
way,532853495,Солнцевский угольный разрез,48.935778,142.170175,18606374,quarry
way,364503369,"Quarry near 39.314, 106.908",39.313968,106.908075,18601813,quarry
way,1536928970,"Gold mine near 15.668, 34.380",15.667893,34.379607,18499761,mine
way,229042003,Premier Coal Mine,-33.395739,116.294537,18498663,mine
way,634216216,"Salt pond near 40.485, 90.744",40.485067,90.744038,18497353,salt_pond
way,295261242,Mine d’or de Bissa-Zandkom,13.154578,-1.510928,18486097,quarry
way,943381190,"Coal mine near -21.316, 147.847",-21.315760,147.846746,18472486,mine
way,181110426,Geita Gold Mining,-2.863884,32.177857,18466171,quarry
way,480066314,"Quarry near 24.645, -101.683",24.644652,-101.682902,18437734,quarry
way,1010478168,浩尧尔忽洞金矿,41.660424,109.258560,18427716,quarry
way,489726555,Lake Cowal Gold Mine,-33.640367,147.385090,18421302,mine
way,246355449,Veladero,-29.373240,-69.952219,18411150,quarry
relation,14496295,Marandoo Mine,-22.649901,118.149649,18370376,mine
way,897668746,Endako mine,54.040090,-125.112391,18361058,mine
way,1441872953,"Gold mine near 21.137, 33.549",21.137302,33.549293,18306562,mine
way,663222344,"Quarry near 68.514, 168.440",68.514058,168.440373,18305158,quarry
way,206967660,منجم دهب السكري,24.957997,34.712521,18296033,quarry
relation,356706,"Peat quarry near 58.552, 24.369",58.551957,24.368819,18260777,quarry
way,561326035,"Salt pond near 30.537, 48.968",30.537014,48.968044,18231085,salt_pond
way,1368098285,Coal Mine Area,1.168121,117.688832,18198582,quarry
way,42599888,Lom Vršany,50.492564,13.548937,18161210,quarry
way,821904941,Sulphur Rose Gold Prospect,6.914399,-59.625186,18153852,quarry
way,466574085,"Coal quarry near 53.197, 103.237",53.196957,103.236646,18103924,quarry
way,1348274665,"Salt pond near 36.940, 95.129",36.939923,95.128976,18047214,salt_pond
way,72881302,Назаровский разрез,55.984641,90.276537,18029720,quarry
way,259158702,Compañia Minera Aurifera Santa Rosa SA - COMARSA,-8.097172,-78.020516,17990225,quarry
relation,14500599,Channar,-23.305528,117.815925,17983911,mine
way,282781542,Grasberg Mine,-4.054463,137.108171,17962880,quarry
relation,17938907,"Gold quarry near 69.122, 172.690",69.121892,172.689594,17961249,quarry
way,1420816415,مقالع جويبدة (طمر نفايات) احذر مدى رؤية منخفض جدا,30.362244,47.520054,17957034,quarry
relation,3334019,Торфомассив Чистик,54.973363,31.193464,17956202,quarry
relation,20605427,PT Citra Dayak Indah coal quarry,-0.416657,115.359792,17930085,quarry
way,874877263,Mina Los Colorados,-28.297911,-70.812672,17884428,mine
way,40797287,Taza Uranium Mine,18.746738,7.310205,17877555,quarry
way,1062266783,"Quarry near -23.024, 148.744",-23.024017,148.744098,17848285,quarry
way,206581317,Ukhaa Khudag mine,43.677360,105.512797,17844664,quarry
relation,14543721,Sunrise Dam Gold Mine,-29.092214,122.432983,17833799,mine
way,286258377,"Quarry near 55.719, 86.046",55.718717,86.045691,17821139,quarry
relation,15033577,Spring Creek,45.112116,-106.909172,17797883,quarry
way,119053915,"Salt pond near 40.382, 90.785",40.381703,90.784767,17787644,salt_pond
relation,303004,"Peat quarry near 58.799, 30.938",58.799309,30.937780,17783467,quarry
way,514328898,"Peat quarry near 58.436, 29.797",58.435790,29.796807,17760241,quarry
relation,16933302,"Quarry near 27.683, -81.862",27.682541,-81.861630,17752417,quarry
relation,6545863,"Quarry near 31.111, 35.191",31.110739,35.191264,17739820,quarry
way,698538703,"Salt pond near 22.855, 70.365",22.855022,70.365380,17737657,salt_pond
relation,17829408,Dampier Salt Limited salt pond,-20.271893,118.878514,17730490,salt_pond
way,1293442435,长芦盐场,38.883287,117.609320,17721386,salt_pond
way,631743671,"Salt pond near 22.237, 69.214",22.237084,69.214489,17680104,salt_pond
relation,19724887,"Месторождение ""Киевец""",52.669043,27.171685,17677287,quarry
way,292950906,"Quarry near 44.542, 90.399",44.541788,90.398843,17629556,quarry
way,341771166,"Quarry near 25.313, 95.900",25.313109,95.899843,17613221,quarry
way,942638693,Hycroft Mine,40.872932,-118.682926,17598324,quarry
way,176092401,Century Mine,-18.725540,138.601715,17588742,mine
way,864635365,남양제염소 염전,39.349352,125.423646,17585852,salt_pond
relation,18483233,"Quarry near 71.158, 114.402",71.157655,114.401670,17564364,quarry
relation,17046668,Mine Canadian Malartic,48.115571,-78.095123,17504859,quarry
way,1263454712,"Salt pond near 23.196, 70.363",23.195889,70.363289,17420865,salt_pond
relation,12703999,Lone Tree Mine,40.821834,-117.211808,17415359,quarry
way,480878894,Mina Oeste,-20.144749,-44.422033,17385103,quarry
way,1143806131,"Salt pond near 9.047, 78.298",9.046749,78.297847,17356147,salt_pond
way,344122172,Middelburg Colliery,-25.945638,29.424241,17328304,quarry
way,32424794,Braunkohle-Tagebau Inden,50.862463,6.374377,17289026,quarry
way,259476094,"Coal mine near -20.543, 147.771",-20.543224,147.770875,17184708,mine
way,31302095,Nchanga Mines,-12.507869,27.864506,17177766,mine
way,886555489,Mina Sierra Miranda,-23.233489,-70.116470,17141068,mine
way,1420416567,"Gold mine near 21.266, 31.287",21.266079,31.286748,17104075,mine
way,1353654821,"Gold mine near 21.356, 32.009",21.355707,32.008827,17100010,mine
way,1230992412,贺斯格乌拉南露天煤矿,45.944011,119.146474,17078113,quarry
way,59837236,Manuguru II Coal Mine,17.947953,80.776830,17057581,quarry
way,659869776,Maules Creek Mine,-30.561458,150.132613,17040672,mine
way,688049460,Mount Polley Mine,52.536468,-121.616899,17006949,quarry
way,1421321301,"Quarry near 39.343, 93.813",39.342748,93.813141,16994854,quarry
way,711369682,"Salt pond near 23.005, 70.519",23.004829,70.519026,16984535,salt_pond
way,1414333328,Busqueda de oro,-12.677665,-70.437790,16901523,quarry
way,908587863,"Quarry near 27.249, 49.181",27.248570,49.180892,16878434,quarry
relation,14052720,"Quarry near 46.022, -112.497",46.021660,-112.497500,16856901,quarry
way,220295511,Bridger Mine,41.767588,-108.728148,16834836,quarry
way,764632531,Line Creek Operations,49.947679,-114.765797,16818765,quarry
way,978837129,"Quarry near -20.413, -43.855",-20.412666,-43.855483,16798663,quarry
way,605378455,"Quarry near -29.310, 23.272",-29.309969,23.272044,16771499,quarry
relation,1239501,Моховский угольный разрез,54.590315,86.377947,16752287,quarry
way,24948774,Tagebau Reichwalde - Rychwałdska brunicowa jama,51.408542,14.709246,16746380,quarry
way,160704150,"Quarry near 58.590, 50.243",58.590320,50.243050,16738299,quarry
way,1456448284,"Gold mine near 21.759, 34.476",21.759370,34.475972,16694627,mine
way,908587803,"Quarry near 27.164, 49.095",27.163609,49.094643,16681471,quarry
way,1365518826,"Quarry near 1.908, 117.291",1.908012,117.290757,16676475,quarry
way,187148024,Boddington Gold Mine (North Pit),-32.694342,116.368398,16603698,mine
relation,1269373,Exploatarea Minieră Jilț,44.849349,23.075750,16601823,quarry
relation,302998,"Quarry near 58.811, 30.810",58.810926,30.810009,16589303,quarry
way,849343035,Minntac Pit,47.534179,-92.679380,16583334,quarry
way,1388250531,三都露天煤矿,37.475635,113.674339,16575602,mine
way,898091371,"Copper quarry near -12.254, 25.306",-12.253939,25.306225,16480240,quarry
way,173029519,"Coal mine near -23.451, 148.492",-23.450501,148.492198,16471883,mine
relation,14893601,Saddleback Mining Area,-32.953979,116.455335,16467591,quarry
way,388406162,Isibonelo Colliery,-26.322690,29.269736,16466376,quarry
way,495015456,"Coal quarry near -18.403, 26.432",-18.402671,26.431534,16417817,quarry
way,146449047,"Quarry near 69.540, 171.928",69.539784,171.928104,16395259,quarry
way,196251703,Rix's Creek Mine,-32.487993,151.136524,16348498,mine
way,1263643420,"Salt pond near 22.921, 70.049",22.920614,70.048518,16330054,salt_pond
way,293258516,Broadlea,-21.878866,148.165481,16305422,mine
way,1169715178,Red Hill Mine,33.396183,-89.239187,16296552,quarry
relation,18480371,"Quarry near 32.407, -111.517",32.407158,-111.516966,16294582,quarry
way,217140519,"Quarry near 25.129, 73.818",25.128542,73.817526,16286404,quarry
way,654284915,Kelian Intan Open Pit Tin Mine,5.634049,101.048653,16277431,quarry
way,299975400,Indonesia Morowali Industrial Park,-2.840672,122.164715,16271722,mine
way,1229279229,Mina Pascua Lama,-29.307619,-70.042956,16263066,mine
way,439594571,"Quarry near 20.538, -75.709",20.538207,-75.709450,16242545,quarry
way,223412539,Blair Athol Mine,-22.693413,147.538206,16231327,mine
way,104514382,Мугунский разрез,54.440091,100.182415,16179712,quarry
way,387688592,Tambang Batu Bara,-0.078185,117.186969,16176395,quarry
way,1064939777,"Quarry near 25.993, 44.080",25.992872,44.080310,16160828,quarry
way,1230137300,Mina El Algarrobo,-28.803241,-70.984649,16157372,mine
way,196251693,"Coal mine near -32.446, 150.967",-32.445736,150.967156,16145995,mine
way,179438733,"Salt pond near -34.709, 138.512",-34.708864,138.512201,16136532,salt_pond
way,160913415,Meandu Mine,-26.816990,151.900143,16128717,quarry
way,845489083,"Quarry near 23.895, 15.552",23.894519,15.552456,16109634,quarry
relation,14504512,Detour Lake Mine,50.013611,-79.720071,16092010,quarry
way,174402881,Тамнава западно поље,44.479663,20.213188,16081344,quarry
way,257593992,辽宁金鼎镁矿集团有限公司 magnesite quarry,40.634079,122.594012,16071898,quarry
way,118151204,Hunter Cement Plant,29.818862,-98.055627,16061078,quarry
way,928075506,Ananta coal mine,20.966936,85.136864,16044941,quarry
way,713267698,معدن شن,35.717104,51.054906,16021161,quarry
way,1286934143,معدن مس,35.892557,58.632346,16018339,quarry
way,1393966949,"Mine near -1.064, 114.664",-1.063806,114.663899,16002721,mine
way,219662778,Месторождение имени В.Гриба,65.510339,41.412235,15986751,mine
way,1075933384,"Salt pond near 36.725, 95.449",36.724832,95.448623,15976075,salt_pond
way,279728150,"KWB ""Konin"" Odkrywka ""Jóźwin"" - w rekultywacji",52.411554,18.161667,15913944,quarry
way,401420086,Cosmo Mine,-13.512582,131.365182,15872898,quarry
way,245734201,Mina de Carbón,9.699518,-73.464895,15872666,quarry
way,49133526,Шивээ Овоогийн нүүрсний уурхай,46.229400,108.539281,15871988,quarry
way,693784909,"Quarry near 27.161, -109.003",27.161480,-109.003420,15856058,quarry
way,1365006079,"Quarry near 20.642, 100.142",20.642228,100.141781,15834868,quarry
way,1315074863,"Salt pond near 26.929, 74.970",26.929103,74.970109,15834167,salt_pond
way,140859545,"Quarry near 47.474, -101.086",47.474343,-101.086049,15811917,quarry
way,1354593765,Bulyanhulu Mine,-3.228732,32.491635,15670369,mine
way,82439018,"Quarry near 54.224, 87.123",54.223684,87.122566,15659346,quarry
way,1387637405,"Gold quarry near 21.038, 35.082",21.037558,35.081931,15650686,quarry
relation,1868224,"Quarry near 58.862, 50.484",58.862139,50.484413,15628011,quarry
way,419102982,محاجر الجفرة كسارات,28.878259,15.646130,15620654,quarry
way,199364614,M'Aoudat اماودات,22.950019,-12.048023,15605621,quarry
way,298724458,Sonoma Mine,-20.629951,147.846955,15585928,mine
way,1445314411,Complejo Carbonífero El Cerrejón,11.049961,-72.636517,15567150,quarry
way,137246422,Комплекс Марица изток,42.085006,26.037488,15535546,quarry
relation,4783792,Благодатное,60.043518,92.937970,15521816,quarry
way,223041476,Mina La Caridad,30.317726,-109.562637,15492822,quarry
way,370663866,"Quarry near -1.682, -56.455",-1.682193,-56.455208,15483382,quarry
relation,7331728,"Gold quarry near 4.309, -54.950",4.308613,-54.949602,15473316,quarry
way,375689075,Poplar River Coal Mine,49.220511,-105.426884,15442637,quarry
way,1019050223,"Peat quarry near 56.377, 26.287",56.376906,26.287373,15423144,quarry
way,315899080,מפעל אורון,30.884454,35.001148,15388987,quarry
way,805811203,Thar Coalfield Block - II,24.772594,70.400348,15382919,mine
way,160235625,"Quarry near 47.428, -101.746",47.428466,-101.745811,15353916,quarry
way,1089948072,"Quarry near 54.256, 124.641",54.256199,124.641414,15344079,quarry
way,1360203850,"Quarry near -12.650, 142.038",-12.650180,142.038091,15334621,quarry
way,38709908,Асбестовский карьер,57.019857,61.498597,15332617,quarry
way,373354955,Clermont Coal Mine,-22.719060,147.632182,15326211,mine
relation,3228015,"Peat quarry near 55.380, 21.403",55.380480,21.403422,15303753,quarry
way,1038609178,Eliwana,-22.484655,116.829359,15288387,mine
way,305682053,Mine d'or d'Inata,14.356208,-1.303600,15263956,mine
way,34863460,"Salt pond near 41.249, -112.381",41.248748,-112.380936,15150733,salt_pond
relation,368404,"Salt pond near 41.249, -112.381",41.248748,-112.380935,15149970,salt_pond
relation,13994896,Boggabri Mine,-30.608134,150.161590,15145243,mine
way,234933636,"Salt pond near 40.574, 19.441",40.573603,19.440638,15129305,salt_pond
way,438872374,"Salt pond near -20.736, -67.268",-20.735627,-67.268395,15121843,salt_pond
way,599467167,Fort Knox Mine,64.999539,-147.343063,15121495,mine
way,777233638,كسارة صخور الابيار,32.102448,20.622662,15120364,quarry
way,430052617,Western Turner Syncline 1 (RTIO),-22.659453,117.583449,15117763,mine
way,1094486877,BHP Jansen Potash Project,51.891877,-104.726963,15042384,mine
way,376595696,Mina Sur,-22.331454,-68.905636,15033294,mine
relation,17829405,Dampier Salt Limited salt pond,-20.272735,118.931164,15023800,salt_pond
way,1419936947,"Gold mine near 21.311, 31.326",21.310914,31.325949,15008760,mine
relation,14195051,Argyle Diamond Mine,-16.714004,128.396552,14998149,mine
way,1083790528,"Quarry near 32.189, 12.794",32.189338,12.793966,14989230,quarry
way,317998372,"Quarry near 39.230, 106.601",39.230159,106.601012,14975965,quarry
way,1415723029,Busqueda de oro,-12.654869,-69.474894,14871435,quarry
way,550907790,"Quarry near 21.225, 39.430",21.224925,39.429972,14864991,quarry
way,1043581753,Gudai-Darri Mine,-22.540370,119.037188,14807585,mine
way,1509428888,منطقة كسارات,25.056949,43.347798,14806346,quarry
way,617809804,"Coal quarry near 45.845, -106.694",45.844906,-106.693551,14770886,quarry
way,43049799,"Quarry near 51.785, 75.364",51.785350,75.364047,14750619,quarry
relation,8159190,Laukesos durpynas,55.161423,22.554695,14737086,quarry
way,38667983,Mina de Pedro Soto Alba,20.602172,-74.968700,14725218,quarry
way,42918483,"Quarry near 51.717, 75.373",51.716522,75.372999,14717925,quarry
way,1015436184,"Quarry near 32.418, 12.881",32.418034,12.880862,14676863,quarry
way,1216968734,"Quarry near 28.685, 46.186",28.684863,46.186375,14638111,quarry
way,605639134,"Quarry near -29.179, 23.545",-29.178716,23.544760,14634738,quarry
way,62326412,البوتاس العربي للطاقة الشمسية التبخر عموم,31.294564,35.437729,14592522,salt_pond
way,593864418,"Quarry near 41.087, 123.810",41.087001,123.810131,14592225,quarry
way,629441081,"Sandstone quarry near 26.343, 72.917",26.342649,72.916518,14583650,quarry
relation,14042119,"Coal mine near -32.798, 151.568",-32.798109,151.568074,14561684,mine
way,376821409,"Quarry near 54.294, 86.862",54.293622,86.862000,14554923,quarry
way,323904739,"Quarry near 25.156, 50.962",25.156468,50.962158,14545013,quarry
way,1186567833,Lets'eng Diamond Mine,-29.000627,28.867267,14544596,quarry
way,1424979108,"Gold mine near 21.214, 31.997",21.213950,31.997377,14523439,mine
way,106210511,Quintette Coal Mine: Wolverine and Mesa Pits,55.024081,-121.208707,14512914,quarry
way,987837237,"Gold quarry near 7.876, -74.823",7.876259,-74.823292,14456241,quarry
way,171851386,Тавантолгой,43.629281,105.471531,14413077,quarry
way,1510479285,"Mine near 43.729, 108.970",43.728983,108.970331,14395831,mine
way,1157203230,"Quarry near -29.562, 23.023",-29.562268,23.022867,14389639,quarry
way,1263458782,"Salt pond near 23.190, 70.290",23.189884,70.289641,14389453,salt_pond
relation,20814790,Mardie Minerals Pty Ltd salt pond,-21.256154,115.890451,14380865,salt_pond
way,245734202,Mina de Carbón,9.765825,-73.488851,14368051,quarry
relation,20142119,무산광산,42.239266,129.263576,14363092,mine
way,1509166116,"Gold mine near 20.685, 30.463",20.684705,30.463249,14351762,mine
way,628602030,"Quarry near 32.193, -8.340",32.193328,-8.339697,14347930,quarry
way,1047787761,South Kalgoorlie Gold Mine,-31.022292,121.608168,14302069,mine
way,1426720394,"Gold mine near 21.298, 31.226",21.298154,31.226460,14281396,mine
way,110861654,"Quarry near 16.060, 74.849",16.060022,74.848926,14272908,quarry
relation,17476042,"Quarry near -1.629, -56.519",-1.628926,-56.519013,14269353,quarry
relation,8832151,Garimpo Bom Futuro,-9.785378,-63.549572,14259676,quarry
relation,21074462,Fairborn Cement Company,39.777261,-83.967156,14246801,mine
relation,17085790,Saline Contivecchi,39.210833,9.030034,14203496,salt_pond
way,856145294,"Quarry near 36.820, -83.234",36.820271,-83.233667,14193106,quarry
way,1235962491,"Quarry near 39.048, 112.405",39.048009,112.404697,14178163,quarry
way,211419999,Rössing Uranium Mine,-22.484334,15.058097,14153562,quarry
relation,14511086,Nammuldi Mine,-22.418447,117.336234,14153047,mine
way,731237410,Gahcho Kué Diamond Mine,63.443701,-109.202037,14144936,mine
way,1128556076,"Gold quarry near 53.077, 132.758",53.077398,132.758421,14132383,quarry
way,259476095,"Coal mine near -20.571, 147.740",-20.571154,147.740123,14119877,mine
way,1230670132,Mina Cala Cala,-20.239644,-69.823509,14047466,mine
way,843575818,"Quarry near 28.130, 36.508",28.130376,36.507961,14022514,quarry
way,1317645260,"Quarry near -15.659, -56.338",-15.658689,-56.337793,14015782,quarry
way,329384840,"Coal mine near -23.298, 148.919",-23.297907,148.918698,14003776,mine
way,960160179,"Gold mine near 18.393, 34.041",18.392578,34.040784,13928330,mine
way,1055537366,"Gold mine near 20.707, 30.193",20.706747,30.193268,13922862,mine
way,258246031,"Quarry near 54.019, 90.192",54.018626,90.192136,13922385,quarry
way,333238549,"Quarry near 24.196, 46.267",24.196239,46.267299,13918256,quarry
way,351053400,"Salt pond near 37.018, 95.498",37.018094,95.497908,13908211,salt_pond
way,1418640300,"Gold mine near 21.453, 32.159",21.452537,32.159341,13899099,mine
way,1509166524,"Gold mine near 20.257, 30.722",20.256538,30.721702,13889220,mine
relation,16903505,"Quarry near 27.495, -82.117",27.495349,-82.116907,13888789,quarry
way,1208307693,"Quarry near 27.275, 8.801",27.274692,8.801423,13849845,quarry
relation,14130874,Stockton Mine,-41.673803,171.869354,13834267,quarry
way,484155724,Au,58.904704,125.635365,13833389,quarry
way,351053402,"Salt pond near 36.986, 95.790",36.986086,95.789671,13825951,salt_pond
way,259388139,"Quarry near 49.290, -82.808",49.290371,-82.808257,13815352,quarry
way,1053027375,Coal Mine,-24.210779,150.500216,13771554,quarry
way,926014540,Driehoek Mine,-25.958559,29.518035,13768483,quarry
way,442677824,Mine Troilus,51.007417,-74.465599,13758083,mine
way,708774396,North Parkes Copper Mine,-32.912626,148.053668,13746903,quarry
way,597498123,"Quarry near 39.238, 106.390",39.237828,106.389788,13737769,quarry
way,1414972787,Busqueda de oro,-12.722704,-69.826234,13734517,quarry
relation,1239496,Осинниковский угольный разрез,53.422339,87.394973,13725722,quarry
relation,19326412,"Quarry near 6.382, -0.511",6.381759,-0.510936,13720685,quarry
way,178743985,TISCO,21.029729,85.773542,13717983,quarry
way,866001479,"Salt pond near 32.807, 82.281",32.807474,82.281252,13713400,salt_pond
relation,9175049,"Gold quarry near 25.024, 96.266",25.024176,96.266312,13706745,quarry
way,258238288,Greenbushes Lithium Mine,-33.869025,116.063884,13702856,mine
way,84976867,Exploatarea Minieră Tismana,44.928652,23.097559,13693032,quarry
way,1353181717,Поље Д,44.427921,20.350519,13657332,quarry
relation,20814789,Mardie Minerals Pty Ltd salt pond,-21.234284,115.912022,13655800,salt_pond
way,578648823,Азейский разрез,54.455983,100.710888,13647658,quarry
way,153510259,Бачатский разрез,54.283925,86.158461,13638094,quarry
way,113341275,New Acland Coal Mine,-27.288981,151.713857,13595572,mine
way,946970002,"Coal quarry near 0.585, 117.492",0.585133,117.492315,13590654,quarry
way,1303467591,"Gold mine near 21.164, 30.819",21.164003,30.819456,13546544,mine
way,489652113,Mineração São Lourenço,-9.470283,-65.072285,13492606,quarry
way,1102696399,Leeupan Colliery,-26.173554,28.741648,13487460,quarry
way,174402875,Поље Е,44.425549,20.321382,13470586,quarry
way,318165662,"Quarry near 39.790, 106.607",39.790085,106.607498,13422856,quarry
way,1093417469,"Quarry near 62.619, 149.316",62.618757,149.315599,13407312,quarry
way,978644567,"Gold quarry near 65.148, 172.758",65.147953,172.758138,13385672,quarry
way,828927594,JVR I Coal Mine,17.196469,80.794085,13378081,quarry
way,1033774975,Carmichael Coal Mine,-22.037107,146.370391,13369065,mine
way,369962037,Transhex Baken Diamond Mine,-28.482086,16.775170,13364668,mine
way,1425639531,"Coal quarry near 35.610, -108.945",35.610063,-108.944639,13350678,quarry
way,495685189,"Quarry near 42.123, 63.542",42.122776,63.541656,13340722,quarry
way,866927609,Угольный разрез «Юньягинский»,67.520852,64.356475,13336314,quarry
way,28240881,Михайловский рудник,52.313029,35.425496,13307568,quarry
way,200263121,"Quarry near -14.960, -71.379",-14.960132,-71.379469,13289751,quarry
way,1230304228,Mina Relincho,-28.525165,-70.313066,13284672,mine
way,150140049,"Peat quarry near 58.875, 30.669",58.875211,30.668981,13284638,quarry
way,1128492416,"Gold quarry near 52.246, 133.924",52.246384,133.923504,13263586,quarry
way,212731506,Omai Mine,5.446389,-58.755702,13239384,quarry
relation,14478703,Bootu Creek Mine,-18.679510,134.102493,13215875,mine
way,223519080,Cyprus Mine,62.351171,-133.397344,13206282,quarry
way,875428375,"Quarry near 45.362, 84.814",45.362393,84.814061,13176131,quarry
way,337785507,"Quarry near 58.732, 94.365",58.731954,94.365423,13169591,quarry
way,607465212,"Quarry near 31.019, 36.062",31.018613,36.061912,13167039,quarry
way,821906439,Toroparu Project,6.456299,-60.060199,13139607,quarry
way,1352505414,古莲河露天煤矿,53.010197,121.963623,13139496,quarry
way,655245090,"Quarry near 68.143, 165.878",68.142546,165.877607,13132452,quarry
relation,19225284,Les Salines de Sfax,34.653156,10.707892,13126465,salt_pond
way,159588317,Dome Mine,48.448424,-81.222387,13125696,quarry
way,304531096,Empire Mine,46.463745,-87.596442,13122324,quarry
way,1238089804,Mina Teck Carmen,-30.264983,-71.100286,13120000,mine
way,1121082384,"Copper quarry near 40.521, -112.148",40.521495,-112.148499,13107227,quarry
way,315533552,Langer Heinrich Uranium Mine,-22.812905,15.324776,13092550,quarry
way,1123759102,"Coal quarry near -2.245, 115.516",-2.245415,115.515881,13080913,quarry
way,218019946,"Quarry near 42.064, 121.801",42.064210,121.800760,13074011,quarry
way,497566907,"Quarry near 56.214, 125.009",56.214076,125.009471,13073213,quarry
way,759010070,Mina Bayovar,-6.045988,-80.840497,13072075,quarry
way,1453468411,"Quarry near -27.985, 123.857",-27.985127,123.857268,13029482,quarry
way,250739214,"Quarry near 67.564, 30.406",67.563708,30.405716,13013904,quarry
way,1263643416,"Salt pond near 22.939, 70.073",22.939208,70.073281,13004507,salt_pond
way,605378456,"Mine near -29.320, 23.310",-29.319613,23.309978,12993215,mine
way,368152954,Mina Kori Chaca,-17.958228,-67.171374,12991109,mine
way,240227339,Hoyle Pond Mine,48.570828,-81.093362,12980182,quarry
way,1087149938,Silvergrass Mine,-22.310875,117.296073,12976508,mine
way,1059099410,唐山首钢马兰庄铁矿有限责任公司,40.092198,118.576909,12936639,quarry
way,837273543,"Quarry near 45.599, 119.674",45.598509,119.673732,12902349,quarry
way,1149108854,Driefontein Open Pit (CLosed),-25.998426,29.389039,12887413,quarry
way,1422520213,مملحة السماوة,31.241866,45.086911,12866610,salt_pond
way,770984465,Genesee Coal,53.312745,-114.263450,12854368,quarry
way,206603059,"Gold quarry near 8.176, -75.084",8.176044,-75.083623,12849723,quarry
way,350320257,Орион Минералс,52.157650,61.314579,12818529,quarry
way,1332056439,"Quarry near 11.037, -72.273",11.037470,-72.272502,12778362,quarry
relation,13653051,연백제염소 염전,37.763607,126.118332,12775685,salt_pond
way,155508013,Kanowna Belle Gold Mine,-30.594753,121.582434,12775502,mine
way,1049451975,"Coal mine near -32.247, 150.844",-32.246679,150.843974,12775291,mine
way,728338983,Dampier Salt Limited salt pond,-20.252503,118.951566,12741385,salt_pond
way,304530492,Tilden Mine,46.448905,-87.639238,12700163,quarry
relation,17169852,Shark Bay Salt Pty Ltd salt pond,-21.709784,115.117363,12690701,salt_pond
way,251723247,"Copper quarry near -14.239, -49.386",-14.238746,-49.386380,12686574,quarry
way,208322622,Calcite,45.391501,-83.779801,12678915,quarry
way,705768070,"Coal quarry near -3.537, 115.595",-3.537131,115.595408,12677223,quarry
relation,17562603,"Quarry near 38.446, -80.617",38.445680,-80.616531,12660896,quarry
way,849502848,Mina Michilla,-22.685897,-70.181887,12660222,mine
way,38896775,mine d'or,11.569920,-9.353900,12647670,quarry
way,605378458,"Quarry near -29.327, 23.249",-29.326602,23.248669,12642888,quarry
way,978644451,"Gold quarry near 65.103, 172.637",65.103025,172.636628,12639166,quarry
way,1032432668,大青山煤田,40.689378,110.533860,12638197,quarry
way,23445156,Yallourn Brown Coal Mine (mined-out),-38.200877,146.349224,12633048,quarry
way,1217377247,"Quarry near 30.360, -97.250",30.359959,-97.249608,12609254,quarry
way,603166275,"Mine near -29.333, 23.144",-29.332796,23.144029,12603525,mine
way,899653802,"Coal quarry near 37.611, -83.088",37.610898,-83.087538,12574565,quarry
way,786527901,Anglo American nickel quarry,-15.098380,-49.010557,12569896,quarry
way,212081331,Smith Ranch-Highland,43.059140,-105.693878,12544165,quarry
relation,4097948,Полтавський ГЗК iron ore quarry,49.046256,33.666602,12521847,quarry
way,159589061,Kidd Mine,48.680021,-81.364827,12518893,quarry
way,39575731,«Қаражыра» көмір кеніші,50.023314,78.733585,12509932,quarry
way,603166277,"Mine near -29.322, 23.177",-29.322490,23.176912,12506848,mine
way,877359184,Salt fields,10.587926,104.220586,12500637,salt_pond
way,1424971547,"Gold mine near 21.284, 30.747",21.283842,30.746772,12480680,mine
way,607465197,"Quarry near 31.072, 36.105",31.071866,36.104802,12472281,quarry
way,942424498,Getchell Mine,41.222703,-117.240089,12450842,quarry
way,1230992413,贺斯格乌拉南露天煤矿,45.921934,119.098182,12445216,quarry
way,140233628,Rawhide Mine,44.411752,-105.498164,12438579,quarry
way,914516597,Vista Mine,53.392688,-117.338595,12435036,quarry
relation,17917496,Mina de Cobre do Sossego,-6.420794,-50.060374,12420598,quarry
relation,14508380,Nimingarra Mine (closed),-20.438274,120.037110,12402739,mine
way,102345384,"Gravel quarry near 29.549, -96.473",29.549096,-96.472858,12390610,quarry
way,1075933378,"Salt pond near 36.726, 95.540",36.726476,95.540272,12389829,salt_pond
way,429144827,Karyer,40.357928,49.633778,12358446,quarry
way,147552605,"Разрез ""Переясловский""",55.625115,94.697933,12342016,quarry
way,1214000158,"Gold quarry near -2.093, 113.317",-2.092890,113.316584,12340813,quarry
way,1205578532,Limestone diggings,-25.172933,28.331320,12335329,quarry
way,908587850,"Quarry near 27.142, 49.282",27.141802,49.281973,12327190,quarry
way,1346416044,"Quarry near 30.674, 29.177",30.674234,29.177151,12315216,quarry
way,226869790,Busqueda de oro,-12.856863,-70.024451,12314189,quarry
way,1414379016,"Gold quarry near 19.634, 30.019",19.634227,30.018738,12307424,quarry
relation,1795246,Imerys quarry,34.595868,-120.446860,12304430,quarry
way,187725978,Mount Leyshon Mine,-20.291881,146.271045,12303518,mine
way,1224544232,Mina Lobo,-27.243530,-69.034352,12294684,mine
way,246335937,"Quarry near 29.898, 31.023",29.898239,31.022935,12252285,quarry
way,1422542470,مقالع مطار سفوان,30.148025,47.677881,12248413,quarry
way,1270614852,"Gold quarry near 63.678, -138.626",63.678338,-138.626278,12244649,quarry
way,513389317,"Salt pond near -22.995, 14.434",-22.995161,14.433965,12240465,salt_pond
way,140233618,Dry Fork Mine,44.365173,-105.449537,12238847,quarry
relation,8780665,Thunderbird Pit,47.481856,-92.545690,12231116,quarry
way,1224890097,"Salt pond near 40.750, -113.259",40.750008,-113.259040,12226276,salt_pond
way,1360114068,Steepbank Mine,56.990319,-111.418143,12225920,quarry
relation,1205621,Разрез «Сибиргинский»,53.619394,87.785544,12225689,quarry
way,1067168868,"Salt pond near 36.718, 95.657",36.718062,95.656993,12206233,salt_pond
way,933943437,Rayrock Uranium Mine,63.446766,-116.549576,12199737,mine
way,337785516,"Quarry near 59.001, 94.828",59.000802,94.827567,12186168,quarry
way,1035160904,Faena Salar Grande Sociedad Punta de Lobos S.A.,-20.882928,-70.029896,12153096,mine
relation,9694525,Холбольджинский угольный разрез,51.139305,106.423932,12131020,quarry
way,815245793,"Quarry near -2.976, -44.284",-2.976265,-44.283595,12072196,quarry
relation,18196745,"Quarry near 24.124, 114.588",24.124419,114.587606,12066041,quarry
way,1249362091,"Gold quarry near 5.244, -59.141",5.244120,-59.140825,12060716,quarry
way,962353644,Mine d'or industrielle de Houndé,11.416874,-3.532845,12057802,mine
way,1190394239,Beşçam Manyezit Ocakları,39.652797,30.099081,12053458,quarry
way,244298465,"Quarry near 49.016, 68.626",49.016461,68.625517,12026039,quarry
relation,4671333,Elizabeth Bay Diamond Mine,-26.904368,15.198737,11998687,mine
way,1196907454,Atlantic Nickel,-14.189519,-39.710273,11997013,mine
way,203428248,"Quarry near 13.872, -11.621",13.871691,-11.621248,11995924,quarry
way,1316845801,ရှင်ဗွေယန်ရွှေတော,26.676123,96.209153,11987565,mine
way,345567553,"Quarry near 28.456, -100.663",28.456407,-100.663423,11976238,quarry
relation,16181949,"Quarry near 28.640, -82.475",28.640183,-82.474701,11954956,quarry
way,1085764366,"Gold mine near 19.669, 33.280",19.669429,33.279655,11954639,mine
way,1060352227,白碱湖矿场,39.123489,104.136104,11936234,quarry
way,304825293,Phosphate Hill,-21.892403,139.969413,11907336,quarry
way,234558219,Rio Tuba Nickel Mining Corporation nickel quarry,8.571490,117.416595,11898751,quarry
way,149405847,Оленегорский карьер,68.154395,33.187359,11867993,quarry
way,646488496,"Quarry near 67.010, 166.696",67.009651,166.696178,11867881,quarry
way,1390240906,"Quarry near 53.076, 140.131",53.075830,140.130985,11841652,quarry
relation,11115134,"Peat quarry near 55.101, 40.050",55.101258,40.050053,11841529,quarry
way,982227259,"Gold mine near 20.813, 30.548",20.813045,30.548142,11827834,mine
way,111867300,Jwaneng Diamond Mine,-24.518148,24.696589,11823157,quarry
way,1002268077,"Salt pond near 34.344, 120.041",34.344293,120.041474,11822554,salt_pond
relation,8287370,Αλυκές Μεσολογγίου-Άσπρη Αλυκή,38.391488,21.392864,11787825,salt_pond
way,923749873,天池能源,44.817809,89.249434,11774188,quarry
way,414578141,"Mine near -21.504, 25.471",-21.504328,25.471437,11770758,mine
relation,13623495,"Quarry near 37.621, -81.943",37.621280,-81.943200,11755169,quarry
way,523574427,张家口金矿,40.773091,115.213696,11741880,quarry
way,1051003773,Mine d'Or de Sissingué,10.426493,-6.197535,11704699,quarry
way,332732851,Prominent Hill Mine,-29.724412,135.577111,11696469,mine
way,97458070,Ramagundam III Coal Mine,18.708669,79.532154,11671280,quarry
way,293258965,Wallanbah Mine,-21.768864,148.140661,11668020,mine
relation,12546702,Republic Energy,37.976478,-81.376994,11650088,quarry
way,173038079,"Coal mine near -23.519, 148.474",-23.519079,148.473613,11640335,mine
way,593389669,Mount Milligan Mine,55.124512,-123.999758,11619234,quarry
