osm_type,osm_id,name,latitude,longitude,area_m2,capacity_mw
way,475253157,黄河水电龙羊峡水光互补光伏电站,36.131898,100.561869,171776903,850.0
relation,18346310,Midong Solar Farm,44.719899,87.704689,171384349,3500.0
relation,12163496,مجمع محمد بن راشد آل مكتوم للطاقة الشمسية,24.733002,55.457936,126069713,2427.0
way,1273382001,Khavda Renewable Energy Park,24.119148,69.370806,88258195,1000.0
way,1336628395,NTPC Khavda,24.130643,69.496423,61979423,397.7
relation,11250846,Bhadla Solar Park,27.489160,71.968200,48287552,2245.0
way,1536456218,محطة للطاقة الشمسية,22.296910,41.454985,45992645,
relation,11250916,Pavagada Solar Park,14.262182,77.431490,42915087,2050.0
way,1336887154,"Al Shuaibah Solar PV IPP, KSA",20.747665,39.590559,40776479,2060.0
way,1535770164,محطة للطاقة الشمسية,28.174715,46.434989,39607886,
way,1467041793,"Solar farm near 37.525, 119.021",37.524800,119.020907,39319569,1000.0
way,1474630457,"Solar farm near 40.535, 107.706",40.534690,107.706260,39315895,
way,1338017960,"Solar farm near 37.404, 97.078",37.403914,97.077644,37506934,
way,694477324,محطة بنبان للطاقة الشمسية,24.424362,32.717136,36882315,1465.0
way,1218757730,乌图美仁200MW光伏项目,36.788463,93.379497,34549410,200.0
relation,12532933,宝丰光伏电站,38.550802,106.623647,33745505,1000.0
way,1531583200,محطة للطاقة الشمسية - الكهفة,26.970820,43.004866,32640051,
way,1511934201,محطة طاقة شمسية,25.512158,43.267701,31069610,
way,1447198803,"Solar farm near 35.983, 100.265",35.982651,100.264569,30035504,
way,1534511791,محطة للطاقة الشمسية,25.048914,47.561173,29771696,
way,1317477364,سدير للطاقة الشمسية,25.768118,45.587262,29027432,1500.0
relation,19600879,青海黄电共和光伏发电有限公司红旗四光伏电站,36.041644,100.391794,28314102,100.0
way,855469584,Junma Solar Power Station,40.277156,109.683154,27955770,300.0
way,1362957269,"Solar farm near 40.416, 108.882",40.416023,108.881603,27727570,
way,1338869068,"Solar farm near 45.989, 86.280",45.988787,86.280483,27059504,
way,1539682915,محطة للطاقة الشمسية,24.498155,40.742087,26395106,
relation,12815550,Tengger Desert Solar Park,37.559993,105.041515,26295497,1547.0
relation,11135405,Villanueva Solar I y III,25.586355,-103.045403,26030886,580.0
way,819612674,"Solar farm near 37.984, 106.985",37.984017,106.985365,24941148,
way,1447752591,"Solar farm near 29.191, 99.410",29.191147,99.410008,24636061,
way,871696017,青海黄电共和光伏发电有限公司红旗一光伏电站,36.051571,100.275387,24315768,1000.0
way,1536443665,محطة للطاقة الشمسية,21.525915,41.139962,24238441,
way,490751287,Kurnool Ultra Mega Solar Park,15.672556,78.266370,23923115,1000.0
way,1536443664,محطة للطاقة الشمسية,21.569321,41.141952,23510816,
way,1338703494,Ruoqiang Photovoltaic Project,38.916928,88.234163,23458006,4000.0
way,1424117488,مدينة الطاقة الشمسية بالرس,25.598088,43.670787,22728200,
way,320842292,Topaz Solar Farm,35.371619,-120.059416,22239729,585.9
way,1338038628,"Solar farm near 39.941, 78.516",39.940740,78.516238,21896603,
relation,21111042,Meralco Terra Solar Project,15.307872,121.056616,21773192,3500.0
way,1429729948,青海黄电共和光伏发电有限公司红旗五光伏电站,36.038311,100.209701,21547497,100.0
relation,18351614,"Solar farm near 44.264, 88.359",44.263920,88.359246,21491204,
way,871696019,青海黄电共和光伏发电有限公司红旗二光伏电站,35.996198,100.302275,21089050,500.0
way,1087124530,Al-Dhafra Solar Power Plant,24.136374,54.517828,20944144,2000.0
relation,11902087,Ananthapuramu Ultra Mega Solar Park,14.016353,78.423844,20839211,1000.0
way,1338942789,"Solar farm near 43.202, 90.939",43.201959,90.938968,20784263,
way,777636971,Karapınar Güneş Enerji Santrali,37.798725,33.591996,20345244,1350.0
way,1362963258,"Solar farm near 40.294, 109.620",40.294060,109.620220,19864458,
way,1429729949,青海黄电共和光伏发电有限公司红旗七光伏电站,36.048878,100.176863,19473719,100.0
way,1434203449,"Solar farm near 38.253, 76.867",38.252929,76.866668,18752371,
relation,17651735,Edwards and Sanborn Solar,34.970455,-118.107797,18722732,807.0
way,1431943450,Ruoqiang Photovoltaic Project,38.878614,88.230834,18541140,4000.0
relation,13040667,Unidade Fotovoltáica São Gonçalo,-10.110175,-45.280313,18452098,608.0
way,1338942786,"Solar farm near 43.210, 90.838",43.209910,90.837746,18368571,
way,1323661917,"Solar farm near 44.199, 85.187",44.198555,85.187217,18157903,
way,1339457088,"Solar farm near 40.003, 98.547",40.002976,98.547488,18149707,
way,1355024249,Pop QES 500 MW,40.837876,70.734891,18002281,500.0
relation,19600878,青海黄电共和太阳能发电有限公司珠玉光伏电站,36.025350,100.500775,17983971,1000.0
way,398437088,California Valley Solar Ranch,35.323678,-119.909512,17482796,249.8
way,1328519662,"Solar farm near 36.961, 80.048",36.961165,80.048485,17182312,
way,1243372243,"Solar farm near 37.998, 106.710",37.997902,106.709726,16958747,
way,1431943449,Ruoqiang Photovoltaic Project,38.845114,88.228484,16791032,4000.0
way,1339496042,"Solar farm near 36.602, 93.817",36.601897,93.817209,16788990,
relation,17778499,Complexo Solar Sol do Cerrado,-15.382663,-43.795811,16467936,
way,1527586774,"Solar farm near 36.855, 80.660",36.854517,80.659593,16419903,
way,1462603453,Walnut Bend Solar Station,34.869625,-91.077678,16405784,100.0
relation,18822765,Complexo Solar Futura,-9.682460,-40.676251,16339674,
way,1465122412,Double Back Diamond Solar Power,39.532458,-89.893179,16096750,592.8
relation,17341137,Rewa Ultra Mega Solar,24.473876,81.575740,16036463,750.0
way,1475243776,"Solar farm near 35.920, 100.379",35.920059,100.378968,15773681,
relation,18328015,"Solar farm near 38.884, 100.834",38.884456,100.833771,15470059,
way,1431943446,"Solar farm near 38.949, 88.240",38.948934,88.240050,15161765,
way,997970992,Travers Solar,50.264357,-112.729060,15025629,465.0
relation,20053556,Waco Solar,31.708008,-96.820978,15022011,400.0
relation,15460921,Avaada Bikaner,28.233177,73.246044,14850848,350.0
relation,17501686,Charanka solar park,23.906348,71.203091,14841121,615.0
way,1339449172,Toksun Molten Salt Tower Concentrated Solar Plant,42.740139,88.085525,14579101,100.0
relation,20340411,Hornet Solar (TX),34.493265,-101.955207,14569856,600.0
way,369599404,Complejo Solar Cerro Dominador,-22.776287,-69.480559,14386981,210.0
way,1527586368,"Solar farm near 36.906, 82.549",36.906106,82.548777,14373773,
relation,13911998,Pleinmont Solar,38.239833,-77.772072,14255654,500.0
relation,17344961,Radhnesada Solar Park,24.525096,71.271328,14123562,700.0
way,1486731804,"Solar farm near 44.241, 88.285",44.240592,88.285304,14039414,
way,1088316972,Western Downs Green Power Hub,-26.955534,150.678620,14034463,400.0
way,1339498493,"Solar farm near 37.542, 104.910",37.542255,104.910387,13970487,
way,1429729947,青海黄电共和光伏发电有限公司红旗六光伏电站,36.043582,100.238009,13826198,100.0
relation,20057216,Fox Squirrel Solar,39.787151,-83.364258,13520775,577.0
way,1475243789,"Solar farm near 35.762, 100.488",35.762460,100.487557,13451413,
way,1516888460,Planta Solar Luís Carlos,-17.198497,-46.625501,13435903,
relation,20056104,Five Wells Solar Center - Hybrid,30.978695,-97.244933,13369368,355.4
relation,20340489,Hecate Energy Outpost Solar LLC,27.847931,-99.164626,13355180,515.0
way,1293751388,"Solar farm near 43.554, 88.290",43.554046,88.289846,13198291,
way,1424117490,مدينة الطاقة الشمسية بالرس,25.605450,43.595718,13157887,700.0
relation,19310053,Solar Jaíba,-15.332903,-43.620930,13051850,
relation,13449274,Azur Power Bikaner,28.321382,73.440664,13028296,
way,1447192404,"Solar farm near 37.431, 96.975",37.431161,96.974993,12969672,
way,1432283435,"Solar farm near 43.029, 93.301",43.029028,93.301273,12744341,
way,1525789401,Complexo Solar Draco,-15.809610,-45.874581,12549009,
relation,19103961,Bellefield Solar,35.063958,-118.089339,12511093,500.0
way,1178005633,Solar Jaíba,-15.329131,-43.619492,12410624,
way,1433153154,"Solar farm near 45.346, 84.689",45.345537,84.689446,12302957,
way,1366377718,Phase 6,24.708734,55.445033,12243558,1800.0
way,1410983871,Faraday Solar,40.092099,-112.078455,12231584,525.0
way,1338949941,"Solar farm near 44.074, 89.112",44.073728,89.111644,12050576,
way,1211144501,Parque Solar La Pimienta,18.045299,-91.718843,12013745,300.0
relation,20082084,SR Toombs Solar,32.307846,-82.416027,11989533,250.0
way,1217654845,"Solar farm near 44.066, 88.756",44.065545,88.756023,11982293,
relation,14297872,Maverick Solar,33.692406,-115.212553,11921824,325.0
way,1432283438,"Solar farm near 43.019, 93.511",43.018855,93.511040,11798331,
relation,20057270,Hecate Energy Frye Solar,34.400846,-101.596129,11721730,500.0
way,1465320448,Lumina II Solar Project,32.891908,-100.752139,11699168,326.6
way,1436954011,"Solar farm near 37.936, 106.735",37.935998,106.734825,11651603,
relation,15688539,Athos Solar,33.753760,-115.325037,11643165,450.0
way,1338506784,凉州区九墩滩光伏园区,38.084157,102.880536,11590808,
relation,14989667,New England Solar Farm,-30.613863,151.604209,11561934,400.0
relation,15730205,Roseland Solar Project,31.467574,-96.827216,11553162,500.0
way,1100731219,محطة عبري 2 للطاقة الشمسية الكهروضوئية,23.368833,56.233915,11450226,500.0
way,538611408,"Solar farm near 38.504, 102.353",38.503627,102.352827,11431396,
way,1527898806,"Solar farm near 40.045, 98.657",40.044525,98.657016,11429445,
way,1458057086,"Solar farm near 37.386, 95.093",37.385569,95.092705,11400645,
way,1447191839,"Solar farm near 36.796, 93.320",36.795574,93.320104,11200985,
relation,20188458,Parliament Solar,30.208100,-95.859393,11127154,480.0
relation,15711331,Old 300 Solar Center,29.335578,-95.822521,11109148,430.0
relation,20056420,Mockingbird Solar Center,33.648562,-95.715873,11077933,471.0
relation,8550920,Solarpark Kamuthi,9.332418,78.390807,11073490,648.0
relation,20056372,Aktina Solar,29.073802,-96.280637,11062082,500.0
relation,20057411,Mammoth North Solar,41.194408,-86.613825,11061576,400.0
relation,17792738,PFV Campos del Sol,-27.069305,-69.908818,10888490,381.0
relation,14901262,Solar Serra do Mel,-5.118314,-37.030098,10692216,
relation,20785661,Usina fotovoltaica Helio Valgas,-17.558012,-44.631095,10646346,
way,1524203431,"Solar farm near 29.192, -95.975",29.192137,-95.975230,10614105,
way,1234182008,Complexo Solar Belmonte,-7.857639,-38.833202,10606417,600.0
relation,17164357,Planta Fotovoltaica Francisco Pizarro,39.567179,-5.683944,10561266,590.0
way,1451876838,Red Tailed Hawk Solar,29.179430,-96.146115,10498919,350.0
relation,15693269,Fighting Jays Solar Project,29.350187,-95.735045,10431927,227.5
way,1329333605,"Solar farm near 37.196, 79.210",37.195835,79.210113,10422353,
way,1376411753,华能沾化新能源有限公司华能滨州新能源85万千瓦光伏发电项目,38.151636,118.106350,10386129,850.0
way,1463499132,Texas Solar Nova 2,33.322750,-100.986532,10318783,200.0
way,852449741,"Solar farm near 40.445, 108.773",40.444780,108.772650,10317866,
way,1447191836,"Solar farm near 36.846, 93.257",36.846208,93.256932,10258641,
way,1144316291,Parque Fotovoltaico Tuli y Helios,23.907683,-101.772075,10249846,300.0
relation,14117660,Prospero Solar,32.310822,-102.869623,10247817,300.0
way,1315379794,Parque Solar Guayepo I & II,10.613183,-74.804962,10244325,486.0
way,1527586571,"Solar farm near 36.769, 81.931",36.768789,81.930809,10234580,
way,1338044466,"Solar farm near 38.449, 76.825",38.449444,76.825426,10221080,
way,1486814210,"Solar farm near 44.121, 88.534",44.121083,88.534261,10194570,
relation,17658610,Usina Solar Mendubim,-5.630203,-37.047846,10193546,
way,1058281179,Prospero Solar II,32.273510,-102.878953,10169061,331.0
way,1338044447,"Solar farm near 38.284, 76.866",38.283764,76.866255,10094061,
way,1304066718,Culcairn Solar Farm,-35.702717,146.963901,10065773,350.0
way,916156976,Al Kharsaah Solar Power Project,25.238992,51.014828,10063618,800.0
way,1324385422,AMEA Kom Ombo Solar Power Plant,24.583119,32.682452,10001216,500.0
way,1335759467,Buxoro QES 500MW,39.572725,64.859892,9963211,500.0
relation,17728463,Stubbo Solar Farm,-32.248099,149.580548,9883586,400.0
way,1338018886,"Solar farm near 36.859, 93.409",36.858536,93.408771,9878156,
way,1339457087,"Solar farm near 40.016, 98.639",40.015556,98.638676,9846462,
way,1333443689,"Solar farm near 39.600, 98.509",39.599585,98.508662,9829773,
way,1293748910,Usina Assú Sol,-5.597235,-37.042087,9813655,
way,1339437561,"Solar farm near 41.840, 83.364",41.839641,83.363667,9724007,
relation,17179206,Sonoran Solar Project,33.244242,-112.540265,9697715,490.0
way,1529916565,"Solar farm near 38.637, 102.091",38.637108,102.090864,9675814,
way,1355022771,Nishon QES 500 MW,38.377919,65.678859,9553980,500.0
way,1463497316,"Solar farm near 33.202, -95.718",33.202473,-95.718462,9512253,
way,1373886389,寿光恒远新能源有限公司营里200MW光伏电站,37.209154,118.949839,9463613,200.0
way,1010640605,Wellington North Solar Farm,-32.496071,148.956507,9462543,
way,1338053223,"Solar farm near 39.070, 75.466",39.070486,75.466414,9460454,
way,1072187172,"Solar farm near 41.354, 114.447",41.353982,114.446732,9421878,
relation,21069948,Kenhardt,-29.210862,21.304939,9399045,440.0
way,1338860263,"Solar farm near 42.119, 86.064",42.118879,86.064067,9328860,
way,1234171663,Solar Arinos,-15.746348,-45.948744,9325066,
relation,20059781,Oxbow Solar 1,30.649197,-91.404370,9295285,300.0
way,1353938021,Bog'don QES 500 MW,40.324459,67.555883,9240057,500.0
way,1424117489,مدينة الطاقة الشمسية بالرس,25.585585,43.593647,9234671,
way,1376419082,沾化区宏烨新能源有限公司2GW渔光互补发电项目一期二期,38.102858,118.085892,9232535,1030.0
relation,19573839,Planta Solar Marangatu,-4.121228,-41.473163,9222679,
way,1474331603,"Solar farm near 37.248, 105.947",37.247984,105.947402,9217114,
way,1453414918,"Solar farm near 29.911, 100.650",29.911034,100.649806,9207700,
way,1511789363,Box Canyon Solar,33.157627,-111.370371,9207379,300.0
relation,14297873,Mount Signal Solar Farm V,32.680508,-115.579219,9202338,252.3
way,1475454185,"Solar farm near 44.076, 90.316",44.076415,90.315714,9105028,
relation,15485554,Planta Fotovoltaica Solem,21.878542,-102.083617,9086254,290.0
way,683271814,Agua Caliente Solar Project,32.974333,-113.493661,9061776,290.0
way,1514348070,西舍场光伏发电站,41.820248,123.791229,9032225,300.0
relation,15568955,Roadrunner 1 & 2,31.215611,-102.195912,8952640,400.0
relation,11902933,Galiveedu Solar Park,14.086623,78.459579,8950980,400.0
way,1077962972,"Solar farm near 26.832, 71.425",26.832210,71.424615,8934783,
relation,20053575,Maple Flats,38.749371,-88.573959,8932071,250.0
way,1089357088,Muscle Shoals Solar,34.764108,-87.919285,8784496,227.0
way,192448242,Huanghe Hydropower Golmud Solar Park,36.400435,95.141429,8710213,200.0
relation,14474035,Taygete Energy Project,31.170083,-103.103771,8704000,255.0
way,241814440,Solana Generating Station,32.920355,-112.979484,8628699,280.0
relation,15669526,Slate Hybrid,36.219781,-119.874514,8595241,300.0
way,788718935,Planta Solar Núñez de Balboa,38.436574,-6.225509,8570089,391.0
way,1486731807,"Solar farm near 44.360, 88.192",44.360444,88.192009,8550772,
relation,15737960,IP Radian Solar Project,31.571553,-99.192017,8540634,320.0
way,695969800,"Solar farm near 39.826, 97.796",39.825610,97.796326,8530229,
way,1029323306,Phase 4 - Parabolic Trough 1,24.759228,55.462271,8529146,200.0
way,1029323305,Phase 4 - Parabolic Trough 3,24.736859,55.501959,8521573,200.0
way,1029323298,Phase 4 - Parabolic Trough 2,24.736975,55.462255,8509487,200.0
relation,20785991,Complexo Solar Barro Alto,-15.074846,-48.810420,8507499,
relation,20188459,Kelso Solar,37.039340,-89.539800,8491230,200.0
relation,10541226,Planta Fotovoltaica Mula,37.962911,-1.398244,8488586,494.0
way,1280110241,Viranşehir 5-7-8 GES,37.408497,39.935451,8474771,195.0
way,856981056,Colonial Trail West Solar Farm,37.154913,-76.900917,8461875,142.4
relation,17239485,Oak Ridge Solar,32.591227,-91.778281,8455618,200.0
relation,20124240,Lumina Solar Project,32.921187,-100.974390,8452759,320.0
way,1447198802,"Solar farm near 35.996, 100.167",35.995568,100.166555,8434213,
way,1346838890,"Solar farm near 40.794, 81.358",40.793548,81.358444,8394206,
way,1465321180,Greasewood II Solar Farm,31.034082,-102.497473,8391089,306.0
way,1339453907,"Solar farm near 40.801, 95.814",40.800956,95.814199,8364928,
relation,9854634,Complexo Solar de Pirapora,-17.412621,-44.899496,8362374,321.0
way,1339431326,"Solar farm near 40.517, 80.115",40.517268,80.115025,8325726,
relation,18122791,Nhà máy Điện mặt trời Ea Súp,13.306025,107.732741,8310888,600.0
relation,20059791,AEUG Union Solar,40.442235,-83.466751,8178414,325.0
way,1120726633,Eagle Shadow Mountain Solar Farm,36.539742,-114.822676,8134113,300.0
relation,20083424,Sandrini Solar,35.109204,-119.096729,8118822,300.0
relation,19052524,Usina Solar Boa Sorte,-17.173509,-47.289620,8117735,
way,652922171,Blythe Solar I & II,33.679354,-114.739357,8083897,241.0
relation,20963980,"Solar farm near 45.272, 121.320",45.271841,121.320339,8076103,
relation,13511450,Phoebe Solar,31.841734,-102.864061,8021830,250.0
way,710073323,Limondale Solar Farm,-34.771747,143.500494,7997566,313.0
way,1288489843,Usina Fotovoltaica Sertão Solar,-12.046683,-45.087666,7995944,
relation,14474038,RE Maplewood,30.974439,-102.241159,7977667,250.0
relation,14474033,Juno Solar Project,32.777593,-101.629429,7972539,300.0
way,632328721,Parque Solar Cauchari,-24.095450,-66.714072,7955912,300.0
way,614475328,نور أبو ظبي للطاقة الشمسية,24.542815,55.444805,7944512,1177.0
way,1216208052,"Solar farm near 38.879, 102.536",38.879413,102.536035,7926955,
relation,15259883,Ananthapuramu-II Ultra Mega Solar Park,14.964292,78.056028,7924244,400.0
relation,16126872,Nhà máy Điện mặt trời Dầu Tiếng,11.467754,106.218195,7905370,500.0
way,799198399,"Solar farm near 37.384, 97.292",37.383850,97.291800,7889328,
way,863648748,Planta fotovoltaica Potosí Solar,23.060460,-102.073938,7866144,300.0
relation,14988829,Moapa Southern Paiute Solar Project,36.527839,-114.758440,7856360,250.0
way,1168813848,Planta Solar Oriol,39.845297,-6.719843,7855874,328.0
way,704779990,首航二期100MW光热电站,40.065508,94.424637,7843162,100.0
relation,20593558,Harquahala Sun 2,33.437820,-113.136112,7819909,
relation,17766325,Central Fotovoltaica Puerto Peñasco,31.316722,-113.267196,7782519,
way,1338862851,"Solar farm near 39.794, 98.003",39.794233,98.002856,7731159,
relation,15810209,Talayuela Solar,39.910752,-5.415977,7727124,300.0
relation,15705876,Neptune Energy Center Hybrid,38.324469,-104.403991,7705540,325.0
way,1263353655,"Solar farm near 36.043, 100.569",36.043387,100.569128,7687489,
way,1532773058,"Solar farm near 21.167, 39.427",21.167159,39.426980,7676468,
way,710054263,Sunraysia Solar Farm,-34.804891,143.491185,7650219,200.0
relation,19755749,Huck Finn Renewable Energy Center,39.316550,-91.555232,7622004,200.0
way,1307307588,"Solar farm near 40.084, 94.356",40.083769,94.355927,7621709,
way,1338062651,"Solar farm near 40.259, 109.593",40.259104,109.593149,7592669,
way,1341242211,"Solar farm near 26.786, 71.385",26.785511,71.384785,7583806,
way,1432283436,"Solar farm near 43.006, 93.538",43.006339,93.538043,7565446,
way,1447191840,"Solar farm near 36.821, 93.358",36.821470,93.358387,7519818,
relation,9081872,Silver State South Solar Project,35.612106,-115.342430,7509669,260.1
way,1513122315,"Solar farm near 44.213, 94.346",44.212566,94.345942,7463012,
way,1143180469,"Solar farm near 26.907, 71.538",26.906742,71.538053,7448581,
way,1432763195,"Solar farm near 45.974, 86.332",45.974126,86.331509,7435720,
way,706999783,Darlington Point Solar Farm,-34.648971,146.061179,7424770,275.0
relation,15705882,Sun Mountain Solar 1,38.170028,-104.522512,7404196,200.0
relation,20056102,Orion III Solar Project,30.938665,-97.123794,7382830,250.0
way,1490216129,"Solar farm near 41.071, 109.800",41.071249,109.799589,7375677,
way,1334253503,"Solar farm near 38.144, 94.485",38.143798,94.484939,7372530,
way,1263353642,"Solar farm near 36.009, 100.536",36.008536,100.535921,7368532,
way,1524777287,"Solar farm near 31.885, -96.999",31.885226,-96.999102,7365442,
way,1475243784,"Solar farm near 36.115, 100.620",36.115091,100.619672,7342123,
relation,20713128,Titan Solar Project,31.685962,-104.458596,7331283,260.0
way,1326144769,Newport Solar,35.677811,-91.184340,7321706,180.0
relation,18356892,"Solar farm near 45.884, 122.990",45.883590,122.990094,7275012,
relation,19170111,Hecate Energy Highland,39.080798,-83.798544,7254177,300.0
relation,9477979,AV Solar Ranch One,34.780542,-118.426674,7242131,266.0
relation,11789705,RE Garland,34.826415,-118.528102,7218952,205.0
way,1378855127,Aldoga Solar Farm,-23.815177,151.058110,7198168,
way,1145463503,Parque Fotovoltaico San Luis Potosi,21.886160,-101.230271,7168860,170.0
relation,16382770,Planta Fotovoltaica Pachamama,21.834274,-102.101666,7157695,300.0
relation,20083695,Hardin Solar III,40.653554,-83.835627,7126407,250.0
relation,20082460,Sparta Solar,28.580981,-97.945157,7103554,250.0
relation,14507942,Galloway 1 Solar Farm,31.451214,-99.871643,7099826,250.0
way,1029323307,Phase 4 Stage 2 Solar Tower,24.759015,55.501019,7089556,100.0
relation,17485142,"Solar farm near 28.128, 73.124",28.128045,73.123643,7085301,
way,978813538,Usina Fotovoltaica Alex,-5.249965,-37.975524,7070265,278.39
way,1339440046,"Solar farm near 41.528, 82.044",41.527711,82.044037,7065746,
way,1475243788,"Solar farm near 36.140, 100.631",36.139661,100.631187,7040920,
relation,16031477,Parque fotovoltaico Cuyoaco,19.582895,-97.574684,7034798,200.0
way,1339435162,"Solar farm near 39.187, 77.999",39.187322,77.998540,6983244,
way,463345687,"Solar farm near 40.711, 81.310",40.711225,81.309852,6950427,
relation,14507941,ANSON Solar Center,32.791901,-99.924311,6937673,200.0
relation,11543797,ReNew Power Bikaner,28.302261,73.324420,6934852,250.0
relation,8376979,Tranquillity Solar Project,36.578755,-120.404733,6929221,242.3
way,339724966,Mojave Solar Project,35.010120,-117.318921,6911683,280.0
way,861214708,"Solar farm near 41.508, 114.028",41.507517,114.027561,6855265,
relation,15566875,Corazon Energy Solar Farm,27.652170,-99.247179,6841189,200.0
way,1376918154,英吉沙曦景新能源发电有限公司中电工程西北院英吉沙500MW光伏治沙项目,38.694545,76.324547,6837981,500.0
relation,11987043,Nhà máy điện mặt trời Trung Nam Thuận Nam,11.438400,108.844598,6830850,450.0
relation,14118198,ENGIE Long Draw Solar,32.752535,-101.619662,6808828,225.0
relation,14474034,Taygete II Energy Project,31.183931,-103.147374,6807870,204.0
way,818606913,"Solar farm near 37.606, 106.117",37.606488,106.117180,6802350,
way,1262817394,"Solar farm near 26.461, 71.073",26.461292,71.073455,6794604,
way,1334253504,"Solar farm near 38.169, 94.448",38.168908,94.447930,6768198,
way,1082780739,Quitman II Solar,30.857721,-83.657163,6759253,150.0
relation,20056098,Orion I Solar Project,30.989031,-97.019251,6756152,200.0
relation,20188454,Blevins Solar & Storage,31.210369,-97.185802,6744972,270.0
relation,14292452,Westlands Aquamarine Solar Park,36.192543,-119.904156,6735360,250.0
way,1143180480,"Solar farm near 27.653, 72.573",27.653456,72.572511,6733799,
way,679697939,Phase 3 - Field C,24.737363,55.421281,6722707,300.0
way,662854838,Phase 3 - Field B,24.754830,55.421313,6718785,300.0
way,538611411,Jinchuan Solar Park,38.586564,102.154699,6705980,
way,1338044446,"Solar farm near 38.279, 76.837",38.278566,76.837065,6705374,
way,684025522,Parque Solar Nova Olinda,-8.195111,-42.555531,6693671,210.0
relation,14280545,Bighorn Solar 1,38.201385,-104.598245,6672404,240.0
way,1164292196,Lund Hill Solar,45.871757,-120.241565,6664753,150.0
relation,11789995,Quaid-e-Azam Solar Park,29.308356,71.830037,6648777,400.0
way,839324150,"Solar farm near 38.810, 109.690",38.810086,109.690402,6644944,
relation,13523020,Rambler Solar Project,31.528866,-100.614354,6625003,200.0
way,1524911926,"Solar farm near 33.032, -99.571",33.032432,-99.570510,6610217,
relation,18964764,华电（莱州）新能源有限公司土山1000MW大型盐碱滩涂光储一体化项目,37.068296,119.606856,6608815,1000.0
way,1143180470,"Solar farm near 26.880, 71.496",26.879745,71.496271,6607403,
relation,6028090,Solar Star 1,34.818149,-118.397083,6596527,318.0
relation,20057187,Delilah Solar Energy,33.464533,-95.301623,6587463,300.0
way,1143180477,"Solar farm near 27.334, 72.234",27.333597,72.233804,6555742,
way,1513119456,"Solar farm near 44.294, 94.242",44.294412,94.241602,6553545,
relation,15705880,Thunder Wolf Energy Center Hybrid,38.179267,-104.391523,6548282,248.0
relation,17375279,Lawan-Purohitsar Solar Farm,26.893169,72.058321,6511429,
way,1338052661,"Solar farm near 39.763, 75.881",39.762699,75.880717,6496338,
way,1456034476,Quyosh Elektr Stansiyasi,39.325134,64.079693,6496116,
relation,14474036,Greasewood Solar Farm,31.035458,-102.464613,6483613,255.0
way,1472932652,"Solar farm near 36.814, 105.801",36.814227,105.801214,6451731,
way,1436153503,Mulilo Total Hydra Storage,-30.672602,24.063594,6440598,
relation,17664334,Talasol,39.625698,-6.307019,6420427,300.0
way,1463495218,"Porter Solar,",33.308515,-97.373154,6411201,245.0
way,1013390319,"Solar farm near 37.546, 105.526",37.545743,105.526353,6393371,
way,1202896105,Big Cypress Solar,35.326336,-90.315518,6387267,180.0
relation,20049911,Cavalier Solar,37.034517,-76.784730,6373455,240.0
way,1296459712,"Solar farm near 28.234, 73.020",28.234259,73.019847,6366860,
relation,20063427,Pearl River Solar Park,32.517623,-89.730081,6365746,175.0
way,1446908626,Mooi Plaats,-31.292583,24.743276,6352603,240.0
way,1415687659,Central Solar San Martín,-16.705897,-71.801273,6345342,252.4
way,1339437557,"Solar farm near 41.836, 83.236",41.836460,83.236232,6340358,
relation,19362309,Darien Solar Energy Center,42.614477,-88.772570,6338932,
relation,18981237,华电喀什综合能源有限公司华电喀什伽师30万千瓦生态治理一体化光伏发电项目,39.718081,76.774697,6336295,299.84
way,948954306,Kiamal Solar Farm (Stage 1),-35.021460,142.298234,6329854,200.0
relation,12465954,Great Valley Solar,36.574110,-120.380752,6316977,202.5
way,1338044460,"Solar farm near 38.392, 76.874",38.392298,76.873636,6299351,
relation,10025588,Crescent Dunes Solar Energy Project,38.241026,-117.363363,6296940,125.0
way,1095588435,محطة سكاكا للطاقة الشمسية,29.726550,40.096298,6295176,300.0
way,579799496,Upton County Solar,31.252449,-102.266104,6291846,150.0
way,1329349665,"Solar farm near 36.890, 80.463",36.889732,80.463406,6280226,
relation,15731612,Shakes Solar,28.574633,-99.726621,6262539,200.0
way,106222337,Chirchiq QES 200MW,41.346798,69.493464,6257995,200.0
relation,20053553,Atrisco Solar LLC,35.202945,-106.843432,6248552,300.0
relation,19755679,Morris Solar,40.126148,-92.564123,6247184,
way,1475227563,"Solar farm near 35.972, 100.187",35.971672,100.186703,6234301,
way,195652883,ФЕЦ Априлци,42.337792,24.264253,6218146,400.0
relation,15705806,Sun Valley Solar Center,31.851670,-97.012434,6214796,250.0
way,1338044463,"Solar farm near 38.428, 76.829",38.428286,76.829256,6211876,
relation,18346309,"Solar farm near 44.323, 87.757",44.322573,87.757312,6207808,
relation,16382786,Potrero Solar,21.234122,-102.042007,6204431,270.0
way,1485687726,"Solar farm near 28.155, 73.143",28.154792,73.142728,6189520,
relation,15727108,Pisgah Ridge Solar,31.894707,-96.472598,6182198,250.0
relation,15695064,Hickory Solar Park,31.300266,-84.134242,6181406,195.5
relation,20056666,Boomtown Renewable Energy Center,38.192180,-88.195426,6174003,150.0
relation,20056099,Cattlemen Solar Park,31.056334,-96.862981,6170950,
relation,14118053,Oberon IA and IB Solar Farm,31.706059,-102.691377,6169700,180.0
relation,15912517,Nhà máy Điện mặt trời Lộc Ninh 1-2-3,11.929416,106.466637,6169359,550.0
relation,11871258,Genesis Solar Energy Project,33.665957,-114.997897,6166484,250.0
relation,15822665,"Yellowbud Solar, LLC",39.495588,-83.044932,6138224,
way,713999649,"Solar farm near 38.211, 117.521",38.211361,117.521359,6134764,
relation,20083319,Crooked Lake Solar,35.908814,-89.820305,6125438,175.0
way,593483220,Centrales Termosolares Extresol 1 & 2 & 3,38.640065,-6.743930,6122170,150.0
relation,14297879,Centinela Solar Energy,32.683355,-115.646912,6120650,174.8
relation,17388904,Solar Blue,36.173314,-119.904753,6088403,250.0
way,1339226095,"Solar farm near 38.671, 109.911",38.671224,109.911089,6084845,
way,1144356055,Sherobod QES 457 MW,37.525936,66.867471,6071777,457.0
way,1475227567,"Solar farm near 35.941, 100.288",35.941101,100.287778,6055125,
way,1447163270,"Solar farm near 36.838, 82.474",36.838419,82.474105,6043954,
way,1544821123,Khauta Cluster,-27.889104,26.862590,6032279,506.0
way,900996162,محطة بينونة لتوليد الكهرباء من الطاقة الشمسية,31.876501,36.214018,6029808,200.0
way,1369608910,Usina Solar Vista Alegre,-15.812966,-43.483913,5999749,
way,1003528881,"Solar farm near 28.356, 73.402",28.356334,73.402338,5975410,
way,242365787,Khi Solar One,-28.536978,21.077687,5967166,50.0
way,852449742,"Solar farm near 40.439, 108.830",40.439370,108.829509,5954826,
relation,17320542,"Solar farm near 22.776, 71.908",22.776050,71.907710,5934328,
way,1460285815,"Solar farm near 32.136, -97.049",32.136276,-97.049181,5934249,
way,1060875560,Complexo Solar Janaúba,-15.943417,-43.526496,5923823,
way,871696018,青海黄电共和光伏发电有限公司红旗三光伏电站,35.964346,100.361752,5897613,500.0
relation,14407771,Cool Springs Solar,30.745836,-84.691022,5897479,
way,1466650857,Appaloosa Solar I,37.836134,-113.124932,5895664,200.0
way,1007897843,Parque Solar Navojoa,27.035835,-109.340347,5892666,250.0
way,1296459716,"Solar farm near 28.319, 73.057",28.319472,73.057337,5885332,
way,188750993,Planta Solar Aries Solar Termoeléctrica (ASTE),39.171448,-3.266195,5880718,100.0
way,492490055,Stateline Solar,35.585004,-115.434326,5876294,299.5
relation,20080203,Hopkins Energy,33.218063,-95.459274,5868955,250.0
way,1143762554,Enel Power,28.261902,73.275231,5859556,
way,1527589159,"Solar farm near 37.479, 78.265",37.479244,78.265255,5851132,
way,1338944622,"Solar farm near 43.114, 89.266",43.114293,89.266461,5835737,
way,1083879926,PFV Elena,-22.162152,-69.490617,5833728,66.44
relation,19949323,"Solar farm near 47.542, 86.341",47.542403,86.341169,5830547,
relation,10810674,Parc solaire Noor 3 CSP ⴰⴼⵔⴰⴳ ⵏ ⵜⴰⴼⵓⴽⵜ ⵏⵓⵕ 3 / الحديقة الشمسية نور رقم 3,31.061894,-6.870631,5829687,582.0
way,1436155601,Grootfontein,-32.957866,19.943287,5820403,225.0
relation,20056103,Chillingham Solar,31.017581,-97.282118,5814822,350.0
way,396095146,Parc solaire Noor 2 CSP / ⴰⴼⵔⴰⴳ ⵏ ⵜⴰⴼⵓⴽⵜ ⵏⵓⵕ 2 / الحديقة الشمسية نور رقم 4,31.036380,-6.869168,5807640,200.0
way,1513119452,"Solar farm near 44.290, 94.556",44.289861,94.555702,5797561,
way,1303191900,Walla Walla Solar Farm,-35.747397,146.966660,5797274,400.0
relation,20053441,Dunns Bridge I Solar,41.186222,-87.002107,5797027,265.0
relation,18963782,中广核新能源（莱州市）有限公司中广核莱州土山600MW盐光互补光伏发电项目,37.094852,119.635658,5795217,600.0
relation,17393801,Fort Bend Solar,29.552001,-95.964097,5791649,145.0
relation,15660428,Assembly Solar Farm,43.039726,-83.947955,5780797,346.9
relation,18420041,Eldorado Solar,37.857409,-88.428653,5771620,270.0
way,1213419764,"Solar farm near 39.871, 78.493",39.870650,78.492522,5753374,
way,1513122314,"Solar farm near 44.161, 94.481",44.161157,94.480609,5753237,
relation,15877131,Samson Solar Energy III,33.468171,-95.340883,5750964,250.0
way,1337456476,"Solar farm near 41.309, 114.481",41.308629,114.480703,5748602,
relation,15691385,Samson Solar Energy,33.426971,-95.380633,5742132,250.0
way,1323260082,"Solar farm near 39.599, 94.195",39.599475,94.194697,5738780,
relation,20053574,Cass County Renewable Energy Center,39.979421,-90.480910,5728436,150.0
way,1463551144,Texas Solar Nova 1,33.355073,-101.002051,5727770,252.0
relation,14118130,Twiggs Solar,32.594023,-83.499881,5713075,204.0
way,1013598701,AT Solar V,29.973811,-112.656558,5694851,180.0
way,538611421,"Solar farm near 38.596, 102.129",38.596357,102.129156,5672775,
relation,15730150,Big Plain Solar,39.846750,-83.329717,5665652,196.0
relation,20713186,Aragorn Solar Project,31.724022,-104.449612,5657700,187.2
relation,18122790,"Solar farm near 11.438, 108.871",11.437789,108.870874,5637702,
relation,13810306,Valdesolar,39.295349,-5.224643,5634770,264.0
way,942214479,"Solar farm near 26.708, 71.413",26.707736,71.412782,5634563,
way,1338944624,"Solar farm near 43.130, 89.270",43.130442,89.269924,5630646,
relation,16004771,Parque Solar Don José,21.333484,-100.592719,5626854,250.0
way,331372755,"Solar farm near 37.226, 99.765",37.225612,99.764932,5622750,
relation,15688362,Brazoria County Solar Project (Danciger),29.193342,-95.757046,5620342,200.0
relation,18185423,Decatur Solar,30.859597,-84.444292,5620300,200.0
way,1286257354,Solar Panati,-5.338705,-38.812278,5603295,
relation,14507943,Azure Sky Solar,33.010400,-99.604359,5581899,225.0
way,651802231,"Solar farm near 36.385, 95.111",36.385168,95.110791,5581009,100.0
relation,20684501,Complexo solar Castilho,-20.787779,-51.522856,5570129,
way,1144359753,G'allaorol QES 220 MW,40.127126,67.529855,5564348,220.0
way,1245396806,Dholera Solar Park,22.146676,72.237871,5560628,
relation,20080234,Umbriel Solar,30.654895,-94.778390,5550968,150.0
way,824750185,Springbok Solar Farm,35.250147,-117.966038,5539959,350.0
way,705252351,Parque Solar Ituverava,-12.597138,-44.106107,5515984,196.0
way,1475136391,Half Moon Solar Plant,28.950518,-82.172130,5513637,74.9
way,1339433966,"Solar farm near 37.757, 77.371",37.756984,77.370638,5501832,
relation,13643918,Misae Solar Park,34.380182,-100.115102,5498227,240.0
way,1448276273,Sherco Solar 2,45.357640,-93.843987,5497707,237.0
relation,19790636,Planta fotovoltaica Velilla,42.722401,-4.856261,5493992,349.91
relation,20080201,Tres Bahias Solar Power,28.694137,-96.483499,5493768,196.3
relation,19819707,Eiffel Solar Project,33.612239,-95.513927,5486488,240.0
way,760955345,NTPC Mandsaur,24.089481,75.798662,5484800,
way,1334478820,"Solar farm near 38.045, 103.186",38.045279,103.186204,5482720,
relation,21007113,Roadrunner Solar,32.083123,-109.929325,5482486,298.0
way,1432349212,Complexo Solar Arapuá,-4.944889,-37.713640,5474180,
relation,12771653,Daydream Solar Farm,-20.479752,147.763711,5448558,150.0
relation,20053571,River Fork Solar,42.278347,-84.743401,5445366,149.0
way,1453077934,"Solar farm near 23.749, 102.933",23.748592,102.932993,5436881,
way,1451830455,"Solar farm near 37.313, 79.881",37.312689,79.881460,5433592,
way,1513122313,"Solar farm near 44.112, 94.497",44.111885,94.497077,5432925,
relation,14118117,Holstein 1 Solar Farm,32.093000,-100.172490,5430625,200.0
way,1111847082,"Solar farm near 39.095, 75.478",39.094627,75.478055,5428392,
way,1524911928,"Solar farm near 33.017, -99.543",33.016733,-99.542676,5421947,
way,538862493,"Solar farm near 38.259, 102.312",38.258615,102.312429,5416795,
way,951429144,"Solar farm near 40.249, 109.739",40.248664,109.738962,5407298,
way,1525777147,Solar Arinos,-15.714762,-45.927323,5406611,
way,1529540946,Timberland Solar,33.965135,-82.823794,5370607,140.0
way,1069838762,"Solar farm near 38.819, 110.210",38.818726,110.210459,5359997,
way,666185775,Planta Solar Iglesia - Estancia Guañizuil,-30.364081,-69.290992,5354953,80.0
relation,19976660,Driver Solar Facility,35.640025,-89.977912,5353161,150.0
way,1338721873,"Solar farm near 44.077, 90.269",44.076750,90.269405,5347659,
way,1388144087,"Solar farm near 49.405, 117.708",49.405209,117.707891,5340278,
relation,15998491,Prairie Wolf Solar,39.559893,-87.975706,5334723,200.0
way,1513119458,"Solar farm near 44.287, 94.093",44.286636,94.093402,5326845,
relation,16335450,Honeysuckle Solar,41.725869,-86.451280,5321331,150.0
relation,14554338,Central Fotovoltaica Riccardo Totta,37.391869,-7.700917,5319559,220.0
way,1471478698,Muskegon Solar Farm,43.225880,-86.007738,5287210,250.0
way,1447171601,"Solar farm near 38.132, 90.139",38.131678,90.138937,5283503,
way,1432763198,"Solar farm near 45.945, 85.629",45.945469,85.629347,5273946,
relation,20063603,Hardy Hills Solar Energy,40.342261,-86.500906,5273603,195.0
way,1049633704,Blue Grass Solar Farm,-26.682643,150.504537,5252910,148.0
way,996181578,Woolooga Solar Farm,-26.075843,152.437448,5250892,176.0
way,1450737084,"Solar farm near 36.066, 100.640",36.066020,100.639542,5247567,
way,1475454184,"Solar farm near 44.100, 90.252",44.100076,90.251936,5242307,
way,1337435116,"Solar farm near 41.583, 114.691",41.582585,114.690522,5231256,
relation,6235170,Imperial Valley Solar Farm,32.669405,-115.605054,5230796,199.9
way,1077962991,"Solar farm near 27.442, 72.421",27.442053,72.421124,5230024,
way,942214475,"Solar farm near 27.378, 72.211",27.377982,72.210691,5220886,
relation,20056100,Orion II Solar Project,31.030620,-96.923025,5193209,250.0
relation,20080144,Escalante Solar,35.417925,-108.082140,5184030,200.0
relation,20080155,West Memphis Solar Station,35.158153,-90.316647,5177867,180.0
relation,20053498,True North Solar,31.473470,-96.800751,5166944,238.8
relation,20083333,Madison Fields Solar Project,40.088353,-83.479605,5166786,180.0
way,1338721872,"Solar farm near 44.097, 90.288",44.097330,90.287847,5155496,
relation,19885066,Ridgely Solar Farm,36.294520,-89.480405,5143642,177.0
way,1462756681,Qaradağ Günəş Elektrik Stansiyası,40.032717,49.345090,5134896,230.0
relation,13360776,Southern Oak Solar Energy Center,31.277954,-84.221486,5129902,171.4
relation,20082076,AP Sunray,29.283800,-99.625321,5121071,203.5
relation,15489288,Parque Solar los Cuervos,21.761392,-102.184444,5120414,200.0
relation,20066128,Complejo fotovoltaico Cifuentes-Trillo,40.690513,-2.790542,5119120,626.0
relation,15715623,Adani,23.360464,70.078585,5114963,250.0
relation,14273753,Hillcrest Solar Farm,39.091321,-83.894364,5112323,200.0
relation,17857599,Coleambally Solar Farm,-34.762456,145.928786,5107596,150.0
relation,11858530,Gajner Solar Park,27.991053,73.035082,5097593,
way,1432763248,"Solar farm near 46.055, 85.329",46.054617,85.328874,5089867,
way,993523050,"Solar farm near 44.717, 89.146",44.716658,89.146449,5085107,
way,1536292838,"Solar farm near 25.014, 51.528",25.013558,51.527997,5084015,
relation,7332948,Roserock Solar,30.962850,-103.298058,5081635,160.0
way,948170857,Suntop Solar Farm,-32.583514,148.826931,5067962,150.0
way,1236643017,Rabigh Solar PV Park,22.579935,39.168197,5061989,400.0
way,537282175,"Solar farm near 39.766, 98.120",39.765657,98.120411,5054496,
way,1296459714,"Solar farm near 28.264, 73.026",28.263543,73.026480,5049745,
relation,19917382,Guayepo III,10.566666,-74.805497,5037167,180.0
relation,20028778,Pike Solar Hybrid,38.646888,-104.618556,5035439,175.0
way,1213419765,"Solar farm near 39.887, 78.473",39.887335,78.473025,5031649,
way,1214154145,"Solar farm near 37.781, 103.096",37.781206,103.096389,5023730,
relation,19060172,Usina Fotovoltaica São João do Paracatu,-17.240853,-47.066682,5020801,
way,375713976,محطة شمس معان للطاقة الشمسية,30.147168,35.818833,5016096,160.0
relation,17388905,Mustang Two Solar,36.213193,-119.893723,5015990,150.0
relation,15656239,"Big Star Solar, LLC (Hybrid)",29.910075,-97.269161,5010758,
relation,18958397,Pleasant Valley Solar,43.302229,-115.987920,5007419,200.0
way,1492956909,"Solar farm near 25.898, 51.443",25.898124,51.442778,4998665,
way,1462851578,White Wing Solar,33.006217,-113.503996,4998372,179.0
way,708047845,Tailem Bend Solar Power Project,-35.271346,139.488379,4982822,95.0
way,1304062723,Munna Creek Solar Farm,-25.875326,152.435409,4978603,120.0
way,1489996217,"Solar farm near 41.193, 111.171",41.193237,111.170540,4972745,
way,1486731811,"Solar farm near 44.340, 88.151",44.339880,88.150827,4971974,
way,1324385426,ACWA Kom Ombo Solar Power Station,24.612652,32.795904,4965373,200.0
relation,15697081,Big River Solar,38.065185,-88.310597,4964825,149.0
relation,15730157,Blue Jay Solar 1,30.707840,-96.073478,4957966,210.0
way,1296160048,"Solar farm near 28.343, 73.027",28.343424,73.026515,4946706,
way,1433153156,"Solar farm near 45.396, 84.680",45.396472,84.679775,4945580,
way,1149169858,Elora Solar,35.051243,-86.351491,4941519,150.0
relation,12202750,Playa Solar,36.408517,-114.909667,4938360,179.0
relation,19755763,Blue Bird Solar,38.920681,-91.149245,4936224,139.0
way,1338017976,"Solar farm near 37.360, 97.097",37.359589,97.097369,4934655,
way,1457956666,"Solar farm near 35.010, -118.021",35.010486,-118.020766,4930398,
relation,14554340,Central Fotovoltaica de Rio Maior,39.179272,-8.913567,4929353,204.0
way,1475243779,"Solar farm near 36.044, 100.542",36.043884,100.541879,4917859,
way,579695442,Buckthorn Solar,31.074964,-102.838918,4916083,154.0
relation,18646958,潍坊市滨阳新能源有限公司300MW光伏发电项目,37.118824,119.241443,4913059,300.0
way,1468982348,"Solar farm near 19.663, 75.640",19.662523,75.639930,4901872,
way,1071378084,Ivanpah 3,35.576009,-115.482005,4893789,133.0
way,1293751389,"Solar farm near 43.534, 88.304",43.533680,88.304072,4892069,
way,635460074,Bungala Solar Power Project,-32.415846,137.841225,4889069,245.0
way,971277366,Kadapa Ultra Mega Solar Park,14.916077,78.276330,4888427,250.0
way,1082780749,SR Lumpkin Solar,32.025507,-84.736428,4880556,100.0
way,593541971,Centro Thermosolar Solaben,39.215700,-5.390090,4870574,200.0
way,1203385832,"Solar farm near 43.663, 122.094",43.663386,122.093747,4869821,
relation,19636917,Planta Solar FV Tagus,39.644255,-6.975618,4866407,378.85
way,1336875778,"Solar farm near 45.453, 122.334",45.453133,122.333804,4865318,
way,1433432189,"Solar farm near 44.540, 84.962",44.540328,84.962036,4861238,
relation,20057186,Samson Solar Energy II,33.408593,-95.336108,4859964,200.0
relation,16254666,Central Solar Pereira Barreto,-20.627605,-51.297086,4857960,
relation,20271433,Parque fotovoltaico Campo de Arañuelo,39.533364,-5.693619,4855073,300.0
way,1470034636,"Solar farm near 30.078, 98.469",30.078383,98.469380,4853571,
relation,20290964,PSF Emin,38.201511,-6.346574,4850198,150.0
relation,20049758,Horizon Solar,28.938891,-99.111042,4833665,200.0
way,1339064252,"Solar farm near 41.507, 108.588",41.506977,108.588138,4831163,
way,953827245,PFV Malgarida,-26.277119,-69.960129,4830996,200.0
way,1456034475,Bo'ka QES 260 MW,40.635116,69.123999,4825241,
way,1000615943,Usina solar de Lavras,-3.800570,-38.927496,4821634,
way,1369610219,Usina Solar Vista Alegre,-15.834035,-43.465658,4811493,
way,1338505006,"Solar farm near 38.168, 102.293",38.167869,102.292916,4795389,
way,1214154097,"Solar farm near 37.756, 103.233",37.756061,103.233483,4793745,
relation,21002667,Sherco Solar 3,45.432246,-93.990400,4792938,
way,1432763206,"Solar farm near 45.873, 85.572",45.873254,85.571946,4782961,
relation,14117566,Cove Mountain Solar,37.631754,-113.629305,4781526,180.0
relation,20053579,Grant County Solar,42.738753,-90.688934,4778575,200.0
way,592900691,Copper Mountain Solar 3,35.890100,-114.958322,4773893,255.0
way,1219516032,Parque Fotovoltaico Guanchoi,-26.653885,-69.960648,4767485,184.0
way,1513122309,"Solar farm near 44.238, 94.829",44.238435,94.828820,4764533,
way,1456176460,Oriana Solar,28.908474,-96.973953,4764035,180.0
relation,13737337,Valle Solar Park,13.519440,-87.561497,4757335,50.0
way,1338944618,"Solar farm near 43.096, 89.313",43.096368,89.313042,4751970,
relation,20049746,SR Russellville,36.792796,-86.937973,4747085,173.0
way,1475078600,"Solar farm near 42.892, 112.607",42.892247,112.606506,4746844,
way,1378872767,Quorn Park Solar Farm,-33.079713,148.091909,4744709,
relation,14507103,Sun Streams 2,33.321375,-112.817520,4743835,150.0
way,1329604154,"Solar farm near 26.308, 70.981",26.307685,70.981439,4741409,
relation,20080231,Prairie Ronde Solar Farm,30.616234,-92.172398,4741150,135.0
relation,14643098,SR Snipesville II,31.708822,-82.716490,4737732,107.0
relation,14489854,Riverstart Solar Park,40.065153,-85.045165,4737410,200.0
way,1362959674,"Solar farm near 40.416, 108.814",40.416221,108.813966,4734604,
way,1434938683,"Solar farm near 41.061, 79.763",41.060824,79.763086,4724439,
way,1073692898,Blythe Solar III,33.659932,-114.736811,4714351,136.8
way,1116071700,Dodge Flat II Solar,39.655663,-119.345442,4712569,200.0
way,1340566779,"Solar farm near 25.474, 37.107",25.473798,37.107078,4709971,
relation,15711158,Brazoria West Solar Farm,29.212606,-95.656491,4708328,200.0
way,1529916568,"Solar farm near 38.431, 102.488",38.431412,102.487872,4700727,
relation,10945395,Campo Verde Solar,32.747213,-115.712235,4699326,147.4
relation,15822657,Montague Solar,45.536260,-120.175365,4681094,162.0
way,1333718462,CHN Energy solar plant,37.550421,120.192854,4674906,1000.0
way,1434485325,"Solar farm near 40.569, 79.589",40.568834,79.588670,4667081,
relation,17434827,Sandy Branch Solar,29.448741,-96.092353,4665154,230.0
way,1164576052,"Solar farm near 39.906, 78.455",39.905754,78.454524,4636973,
way,928016374,PFV Sol del Desierto,-22.175979,-69.566302,4631631,225.51
way,1513119453,"Solar farm near 44.356, 94.470",44.356289,94.469765,4623858,
way,533589140,Sishen Solar Energy Facility,-27.576857,22.929299,4617588,74.0
relation,19002874,Ross County Solar,39.320690,-83.360215,4617085,120.0
way,1338862849,"Solar farm near 39.813, 98.022",39.812571,98.021939,4617083,
way,1211050437,Border Solar,31.536643,-106.532763,4612481,150.0
relation,14118188,Wright Solar Park,37.014621,-120.957415,4595621,200.0
way,1530193909,"Solar farm near 44.202, 88.867",44.202370,88.867192,4592866,
relation,14292451,Little Bear Solar,36.712636,-120.405478,4592280,160.0
way,1469958792,Daybreak Solar,45.138207,-120.887933,4591452,140.0
relation,15664107,Alamo 6 Plant 1,30.991228,-102.271959,4589988,105.0
way,1001700971,"Solar farm near 26.824, 71.506",26.823838,71.505978,4582618,
relation,14180430,Copper Mountain Solar 5,35.772917,-114.982197,4566938,
way,1329604152,"Solar farm near 26.338, 71.057",26.337981,71.056590,4566096,
relation,8589051,Arlington Valley Solar Energy II Project,33.303908,-112.832699,4565963,129.0
way,1203005338,"Solar farm near 37.331, 116.423",37.331121,116.423428,4562204,
way,451978011,"Solar farm near 44.785, 82.019",44.784899,82.018890,4562080,
way,967698126,Usina Fotovoltaica Sol do Sertão,-12.314707,-42.617180,4543445,
way,1387027565,"Solar farm near 45.674, 120.574",45.673612,120.573909,4528560,
relation,17388844,Agave,33.320239,-112.837058,4523459,150.0
relation,14118148,Impact Solar 1,33.464578,-95.368759,4511378,198.5
way,1513122308,"Solar farm near 44.191, 94.874",44.191004,94.874239,4507333,
way,392445480,Nyngan Solar Plant,-31.555475,147.086220,4493662,102.0
way,1513119457,"Solar farm near 44.288, 94.269",44.287800,94.269444,4492628,
way,1339433967,"Solar farm near 37.742, 77.384",37.742295,77.383849,4470475,
way,1466918539,Zier Solar,29.304064,-100.523118,4465126,160.0
way,525717212,Phase 3 - Field A,24.747016,55.383137,4464294,200.0
way,438419246,Phase 2,24.758491,55.383178,4463324,200.0
relation,14117767,Panoche Valley Solar Farm,36.636721,-120.889043,4453876,140.0
relation,14474039,Midway Solar,30.994190,-102.221894,4453716,182.0
way,1169688455,Indiana Crossroads Solar Park,40.723475,-86.835232,4444878,200.0
way,942214480,"Solar farm near 26.679, 71.533",26.679375,71.533140,4439433,
relation,14291100,Golden Field Solar III,34.842433,-118.376490,4439030,192.0
relation,9081854,Imperial Solar Energy Center West,32.770283,-115.783799,4435992,148.7
way,1337705769,"Solar farm near 37.659, 107.466",37.659168,107.465985,4435745,
relation,12771291,Numurkah Solar Farm,-36.161038,145.476491,4429330,128.0
way,1333420216,"Solar farm near 39.341, 100.454",39.341170,100.453614,4422965,
way,1144363602,Samarqand QES 100MW,39.867159,66.446613,4412368,100.0
way,1362963260,"Solar farm near 40.238, 109.752",40.237569,109.751977,4405204,
way,1513119454,"Solar farm near 44.355, 94.426",44.354539,94.425705,4398129,
relation,20080150,Twin Lakes Solar,40.713728,-86.782562,4388282,150.0
way,1431411562,Usina Novo Oriente,-20.656222,-51.336860,4387205,
relation,20083376,Washington County Solar,32.990990,-82.717563,4383813,150.0
relation,16377605,Parque solar Magdalena II,19.554773,-98.334319,4383642,220.0
relation,19393965,Brittlebush Solar,32.929807,-111.489963,4375024,200.0
relation,20028132,BPL Files Solar,32.192927,-97.059468,4375012,157.5
way,1451270166,Cutlass Solar II,29.419117,-95.743581,4374221,202.8
way,1336984027,中国能建哈密熔盐塔式5万千瓦光热发电站,43.619883,94.966826,4372769,50.0
way,1175191228,Central Solar Fotovoltaíca do Bíopio,-12.399419,13.760919,4368080,144.9
relation,15710966,Calhoun Solar Energy Center,42.348006,-85.047489,4366263,200.0
relation,13012731,Usina Fotovoltaica UFSJP,-8.262758,-42.142771,4364160,
way,1504082194,"Solar farm near 31.518, -100.578",31.518017,-100.577790,4352095,
relation,20593479,Papago Solar,33.497151,-113.041188,4350078,
relation,14297874,Mount Signal Solar Farm II,32.667158,-115.623859,4342541,153.5
way,1071378085,Ivanpah 2,35.559728,-115.470239,4339400,133.0
way,1326244713,Redstone Solar Thermal Power Plant,-28.299574,23.366717,4321189,100.0
relation,11789709,Solar Star 2,34.846658,-118.352543,4319115,279.0
way,1513119459,"Solar farm near 44.271, 94.196",44.271255,94.196488,4311630,
way,386056970,PFV Luz del Norte,-27.026596,-69.892547,4306287,141.0
way,1280721974,"Solar farm near 40.005, 99.021",40.005423,99.020970,4291037,
way,1472773448,"Solar farm near 36.851, 105.905",36.850719,105.905118,4289176,
way,520294212,"Solar farm near 38.766, 109.673",38.766288,109.673073,4286607,
relation,11789706,RE Astoria,34.829576,-118.479802,4282735,175.0
relation,20080149,Morris Ridge Solar,42.660220,-77.883568,4281925,177.0
relation,16259639,Sarnia Solar Energy Project,42.945792,-82.331692,4270059,80.0
way,996001724,Quitman Solar,30.847349,-83.638603,4254446,150.0
relation,14179819,Planta Fotovoltaica Las Salinas,-22.851782,-68.943470,4247264,404.0
way,538611413,"Solar farm near 38.605, 102.158",38.604529,102.158244,4240245,
relation,19058164,Usina Fotovoltaica Santa Luzia,-6.913738,-36.965916,4238163,
way,1336513238,"Solar farm near 43.568, 115.030",43.568218,115.029524,4237390,
way,894590348,海子井50兆瓦光伏项目,37.732534,106.338655,4237077,50.0
relation,21002650,Sherco Solar 1,45.405569,-93.936541,4228084,230.0
relation,11488609,Parque Fotovoltáico Bolero,-23.482706,-69.413153,4225119,138.2
relation,20080207,Markum Solar Farm,31.697084,-97.378481,4221199,161.0
relation,20951187,"Solar farm near 44.713, 90.584",44.712636,90.583590,4211388,
way,1143180458,"Solar farm near 26.714, 71.474",26.713846,71.474176,4196292,
way,1211043357,Tuto Energy Dos,29.973217,-112.641838,4194936,137.5
way,1441555421,光伏电厂,46.281807,125.227402,4194691,
relation,6744844,Solarpark Senftenberg/Schipkau,51.550246,13.975794,4191248,168.0
way,1234171662,Solar Arinos,-15.731470,-45.950651,4189921,
way,1258544011,"Solar farm near 26.921, 71.581",26.920806,71.580564,4182840,
relation,20053572,Calhoun County Solar Project,42.259033,-84.812676,4176779,125.0
way,1466891301,Spanish Peaks Solar,37.383582,-104.453117,4154644,140.0
way,1451342415,"Solar farm near 42.647, 123.298",42.647025,123.297602,4149320,
way,1373859100,山东滨海能源有限公司滨海风光储智慧能源示范基地一期300MW光伏发电项目,37.162560,118.923254,4145679,300.0
way,806638290,Techren Solar II,35.868977,-114.956217,4143403,200.0
way,1475227564,"Solar farm near 35.961, 100.233",35.961457,100.233393,4137516,
relation,14888882,"Planta Fotovoltaica ""FV Arenales""",39.447612,-6.558330,4137410,
way,1081190187,Fotovoltaico Las Ahumadas,30.190792,-106.482082,4133169,120.0
relation,19390208,Waverly Solar,37.010932,-77.139354,4129761,118.0
way,1427301723,"Solar farm near 31.401, 92.030",31.400758,92.030496,4126630,
relation,12789236,Wellington Solar Farm,-32.513792,148.958290,4118636,600.0
relation,18860264,Metz Solar Farm,-30.515484,151.859815,4104431,115.0
relation,10810672,Parc solaire Noor 1 / الحديقة الشمسية نور رقم 1,31.009218,-6.863623,4099280,160.0
way,1279373015,Bor-3 GES,37.787164,34.453712,4098334,100.0
way,1339504732,"Solar farm near 37.540, 105.495",37.540480,105.495104,4096996,
relation,19849106,"Solar farm near 41.961, 121.677",41.960968,121.677150,4086104,
way,1525882554,"Solar farm near 38.162, 107.211",38.162143,107.211221,4081926,
way,1011049535,Parque Fotovoltaico Crucero Este,-22.337582,-69.506673,4080885,128.0
way,1060875565,Complexo Solar Janaúba,-15.929109,-43.477304,4069154,
relation,15566963,Elara Solar,28.900458,-99.165055,4068432,
way,1264622762,Parque Fotovoltaico Gran Teno,-34.806742,-71.138851,4068028,240.0
way,1475243786,"Solar farm near 36.158, 100.649",36.158365,100.648905,4065748,
way,1088328773,Columboola Solar Farm,-26.633781,150.298894,4058479,162.0
relation,15510796,Skipjack Solar Center,37.388814,-77.180416,4055295,175.0
way,1459195858,"Solar farm near 40.603, 95.840",40.602621,95.839513,4054910,
relation,15705982,SR DeSoto I,31.880460,-84.034830,4047928,165.0
relation,15711258,Badger Hollow I,42.938640,-90.364256,4045881,150.0
relation,13022322,Complexo Apodi Solar,-5.045812,-37.796623,4037719,162.0
way,1081190186,Parque Fotovoltáico Villa Ahumada,30.166020,-106.463679,4034484,150.0
way,1333420218,"Solar farm near 39.328, 100.479",39.327823,100.478739,4030950,
way,188750992,Planta solar Manchasol 1 e 2,39.183582,-3.313213,4026652,100.0
way,856981055,Spring Grove 1 Solar Farm,37.174881,-76.925853,4023664,97.9
way,1459739866,Babacomari Solar Project,31.657045,-110.410302,4014346,160.0
relation,15731658,Wood County Solar,44.278507,-89.846203,4009276,150.0
way,516693328,Varavoo Kaval,14.371132,76.583647,4008045,170.0
way,1022417509,Amin Solar Power Plant,18.495863,55.807943,4003819,100.0
way,685771427,Нікопольська сонячна електростанція,47.673006,34.268082,4003207,246.154
way,1527592562,"Solar farm near 40.563, 79.636",40.563402,79.635581,3997210,
way,1462951810,Liberty County Solar Project,29.948928,-94.853140,3996519,109.9
way,966946209,Usina Jacarandá,-9.525865,-40.474042,3993825,
way,1331947025,Parque Solar Altiplano Solar Gensun,-24.146016,-66.907058,3989274,210.0
way,1242503737,"Solar farm near 27.594, 72.218",27.594193,72.218233,3987702,
relation,18313189,"Solar farm near 41.693, 114.719",41.692765,114.718697,3981380,
way,947882037,Parque Fotovoltaico Atacama Solar II,-20.507552,-69.457459,3980361,150.0
way,1205248151,"Solar farm near 37.250, -5.688",37.249731,-5.687808,3965683,
way,1412717841,PSFV Cedillo II,39.613129,-7.471003,3952917,
relation,17923393,Pleasant Creek Solar Project 1 & 2,42.110048,-91.799810,3952293,200.0
way,1513119455,"Solar farm near 44.338, 94.253",44.338214,94.253361,3950466,
way,1338044459,"Solar farm near 38.371, 76.863",38.370894,76.863256,3942878,
way,1339453905,"Solar farm near 40.743, 96.821",40.742999,96.821349,3934609,
way,1539138453,"Solar farm near 14.950, 78.227",14.949873,78.226843,3927795,
way,1068454816,"Solar farm near 41.345, 114.603",41.345178,114.602735,3924998,
relation,14474798,Briar Creek Solar 1,32.067536,-96.585420,3921625,127.0
way,677513855,Sandhills Solar Facilty,32.587255,-84.301134,3916687,148.0
way,1485687735,"Solar farm near 28.111, 73.005",28.111324,73.005121,3914413,
way,655281139,Kathu Solar Park,-27.613311,23.027967,3910933,100.0
way,1466792886,Elizabeth Solar Plant,30.808613,-92.967476,3910817,142.8
way,1486731803,"Solar farm near 44.385, 88.184",44.385109,88.184089,3908313,
relation,15923157,"Parque Fotovoltaico Picón I, II y III",39.163044,-4.102464,3901442,
way,999353828,Bodhare,20.378653,75.032604,3889048,
way,651802230,"Solar farm near 36.391, 95.152",36.390543,95.152489,3883879,100.0
way,949348476,Merredin Solar Farm,-31.539824,118.238339,3883813,100.0
relation,14180413,Solar Gen 2 Solar Facility,33.130433,-115.461812,3881215,163.2
relation,14180429,Copper Mountain Solar 2,35.795235,-114.965195,3874304,
way,1513122310,"Solar farm near 44.208, 94.894",44.208154,94.894010,3868752,
way,954204783,Hillston Sun Farm,-33.531624,145.522420,3865065,85.0
way,1063369273,PFV Río Escondido,-27.879644,-70.195392,3863609,157.96
relation,7290017,Alamo 7,33.010643,-99.602737,3863561,100.0
way,728782196,Finley Solar Farm,-35.648941,145.505750,3862785,162.36
relation,16385467,Planta Fotovoltaica La Lucha,26.556080,-104.128624,3862631,131.0
way,1001754365,"Solar farm near 27.177, 71.825",27.177475,71.825387,3858755,
relation,10824374,Ashalim A,30.970290,34.684208,3849031,121.0
way,784556311,Parque Solar La Orejana,29.171562,-111.738416,3845940,125.0
way,1173738554,Mesquite Solar 3,33.340812,-112.950342,3845394,150.0
way,502141733,Parque Fotovoltaico Finis Terrae,-22.342219,-69.522810,3841842,138.0
relation,12743055,PFV Domeyko,-24.063823,-69.578148,3836198,202.0
way,1386114478,"Solar farm near 44.021, 115.992",44.020964,115.991811,3833749,
way,1219516033,Parque Fotovoltaico Guanchoi,-26.698849,-69.939136,3826431,
way,465831946,Vandel Solcellepark,55.700058,9.198232,3822028,111.0
way,623815098,太阳能发电厂,42.247613,93.884400,3814429,
relation,20080229,Starr Solar Ranch,26.520957,-98.998281,3813607,136.0
way,1333420224,"Solar farm near 39.315, 100.358",39.314569,100.358194,3811157,
way,636806767,Xina Solar One,-28.892989,19.591568,3809417,100.0
way,1306959341,"Solar farm near 38.214, 117.437",38.214065,117.437042,3807161,
relation,14144061,บริษัท อีเอ โซล่า ลำปาง จำกัด,18.390538,99.422217,3803893,128.0
way,1447038570,"Solar farm near 28.191, 73.331",28.190653,73.330908,3795948,
way,1395442074,"Solar farm near 36.340, 103.032",36.340434,103.031568,3792915,
way,1329604148,"Solar farm near 26.299, 71.108",26.298610,71.108081,3791571,
way,1242503740,"Solar farm near 27.577, 72.212",27.576951,72.211773,3789139,
way,1329493990,"Solar farm near 26.629, 71.358",26.628822,71.357597,3786761,
way,1502962051,"Solar farm near 45.550, 85.162",45.549841,85.161556,3781129,
way,1063236315,Planta Solar CEME1,-22.362495,-69.592263,3776881,480.0
way,1434938690,"Solar farm near 41.102, 79.723",41.101769,79.722632,3762929,
way,1465107213,Cattlemen Solar II,31.088612,-96.846030,3745186,
relation,18355907,"Solar farm near 37.616, 106.516",37.615701,106.515841,3733317,
relation,20083395,Galloway 2 Solar Farm,31.482427,-99.896481,3726864,110.0
way,1329333603,"Solar farm near 37.206, 79.229",37.206066,79.228978,3723472,
way,1013014990,Yumen Xinneng 50MW molten salt tower CSP plant,40.334537,97.279625,3720966,50.0
way,784556315,Santa Maria,30.195789,-107.628424,3704715,148.0
relation,17745335,Complexo Solar Milagres,-7.385917,-38.985544,3701939,
way,1432283433,"Solar farm near 43.025, 93.396",43.025465,93.396256,3699436,
way,1368685661,Solar Jaíba,-15.317479,-43.641514,3698145,
way,948343172,Goonumbla Solar Farm,-33.109212,148.092982,3693631,69.75
way,423627433,Ivanpah 1,35.536127,-115.451646,3690283,126.0
way,1292544578,Solar Irapuru,-15.948689,-43.477891,3684884,
way,1242450137,"Solar farm near 27.636, 72.587",27.636160,72.587359,3683672,
relation,19949525,"Solar farm near 42.439, 110.221",42.438550,110.221467,3681723,
way,1401461992,"Solar farm near 39.586, -83.164",39.585846,-83.164120,3678929,
way,1431413385,USINA GERADORA DE ENERGIA SGA LTDA,-3.636581,-38.933206,3675450,
way,1336910389,"Solar farm near 41.625, 116.141",41.625147,116.141266,3672969,
relation,14474040,Fowler Ranch Solar,31.259231,-102.322209,3670289,150.0
way,1385257782,"Solar farm near 39.214, 8.973",39.213782,8.972756,3663771,
way,273787617,KaXu Solar One,-28.880865,19.594063,3653894,100.0
way,1288188053,Planta Solar San Antonio,39.610466,-7.452199,3651204,49.9
way,1361647472,"Solar farm near 45.377, 123.581",45.376820,123.580698,3647808,
relation,18350770,"Solar farm near 42.741, 94.026",42.741466,94.026334,3644275,
way,1337562494,"Solar farm near 38.691, 100.578",38.690610,100.577812,3639632,
relation,16950219,Parque Solar Escalabis,39.204746,-8.800765,3634146,189.0
relation,20049906,Peacock Energy Project,28.006107,-97.398514,3631292,150.0
way,1143180463,"Solar farm near 26.859, 71.496",26.859021,71.496314,3630486,
relation,18355908,"Solar farm near 37.584, 106.062",37.583632,106.062357,3630223,
way,1011049536,PFV Valle del Sol,-22.333338,-69.578039,3621866,149.55
way,1346723286,"Solar farm near 36.995, 111.200",36.994962,111.199560,3620968,
relation,13012873,Usina Engenheiro Manoel de Andrade,-9.536461,-40.505172,3620319,156.0
relation,13160792,慈溪百益新能源科技有限公司200MWp渔光多能互补光伏发电项目,30.089278,121.614979,3618036,200.0
way,1333443687,"Solar farm near 39.576, 98.537",39.575825,98.536718,3617870,
relation,16264016,Pima Solar Project,30.790010,-112.738805,3615230,110.0
relation,15867058,CA Flats Solar 130,35.871909,-120.331661,3614309,130.0
way,469046108,"Solar farm near 37.165, 79.470",37.164550,79.470038,3607106,
way,838588775,Parque Fotovoltaico Granja Solar,-20.808927,-69.484470,3604461,105.0
relation,15868341,Badger Hollow II,42.952603,-90.333489,3600678,
relation,17432765,Jindal Vijayanagara Solar Plant,15.040925,76.700635,3595961,
way,967698122,Usina Fotovoltaica Terra do Sol,-12.325262,-42.630725,3594840,
way,1453414911,"Solar farm near 29.873, 100.604",29.872604,100.604240,3589877,
way,1077963001,"Solar farm near 27.404, 72.043",27.404351,72.043261,3584514,
relation,14489855,Hardin Solar Energy,40.663607,-83.815015,3580024,150.0
way,1475224954,"Solar farm near 30.083, 98.398",30.083059,98.397814,3579361,
way,843107827,"Solar farm near 37.156, 105.842",37.155580,105.841544,3576995,
way,230037276,Dhirubhai Ambani Solar Park,26.786877,72.010133,3570454,100.0
way,1337562482,"Solar farm near 38.695, 100.412",38.695225,100.411657,3561672,
relation,11898393,Sitamau,24.024052,75.338282,3560330,
way,1131690257,Altavista Solar,37.144397,-79.355214,3552650,80.0
way,869738679,Blythe Solar IV,33.681846,-114.769822,3548167,137.4
relation,15510703,Fort Powhatan Solar Farm,37.254308,-77.094902,3546684,150.0
relation,15093634,Energiepark Witznitz,51.165865,12.415640,3546525,650.0
way,1162904231,"Jackpot Solar, LLC",42.200803,-114.630801,3543084,120.0
relation,13405579,RE Mustang Solar Project,36.240235,-119.915080,3536489,175.0
way,1058328889,Wagyu Solar,29.243266,-95.657581,3535954,162.0
relation,20049828,Clearview Solar 1,40.263300,-83.994895,3533403,144.0
relation,20083513,Wever Solar,40.720539,-91.251587,3524238,150.0
relation,13370339,Planta Solar Fotovoltaica La Isla,37.250584,-5.860153,3521320,183.0
way,1446642293,"Solar farm near 40.167, 97.758",40.167255,97.758343,3513642,
way,1475227565,"Solar farm near 35.959, 100.261",35.959453,100.261466,3511089,
way,948582471,Lilyvale Solar Farm,-23.084225,148.425994,3503583,100.0
way,1337495428,"Solar farm near 41.453, 113.963",41.452829,113.962730,3501888,
way,1337564597,"Solar farm near 39.482, 99.551",39.481580,99.551139,3500759,
way,1228359049,Edenvale Solar Park,-26.931732,150.582727,3496393,204.0
way,745166848,Central Solar Rubí,-17.251490,-71.184538,3492801,144.48
way,1341242200,"Solar farm near 26.543, 71.609",26.543352,71.608988,3487743,
way,1447000999,"Solar farm near 19.645, -98.586",19.644740,-98.585944,3481794,
way,1348671220,甘肃电投干河口200兆瓦光伏电站,40.653291,95.503769,3481606,200.0
relation,15656232,Bellflower Solar Farm,39.789701,-85.413741,3478074,173.0
way,1214346544,"Solar farm near 36.415, 95.224",36.415399,95.224317,3477954,
way,1442461552,"Solar farm near 31.790, -106.630",31.790436,-106.630119,3475431,
way,1472967835,"Solar farm near 36.996, 105.629",36.995928,105.629188,3474993,
way,991127883,Bilhaur solar farm,26.756103,80.071354,3468525,140.0
way,1457956665,"Solar farm near 35.017, -118.101",35.016629,-118.100960,3465613,
relation,14118110,Fern Solar,36.013997,-77.675779,3464093,100.0
relation,11788006,Dougherty County Solar,31.515380,-84.039701,3461875,120.0
relation,20383333,Planta Solar Fotovoltaica Gaetana,39.054628,-6.642670,3457102,171.0
relation,15589236,Big Beau Solar,34.911590,-118.351960,3457001,128.0
way,1450379116,"Solar farm near 39.522, 100.011",39.521845,100.010897,3450555,
relation,18272546,Central Solar Fotovoltaica de Santas,38.923217,-7.456088,3450238,180.0
way,823494258,"Solar farm near 37.068, 105.928",37.068136,105.928372,3448648,
way,784556307,Bluemex Power 1,27.998894,-110.701390,3442951,120.0
way,1110487525,Parque Fotovoltaico El Trompezón,21.721890,-102.175347,3437395,126.0
way,1037046839,Tutli QES 100MW,39.691838,65.520264,3436649,100.0
way,1372572202,"Solar farm near 44.114, 89.873",44.114334,89.873274,3435538,
relation,20058445,Sun Streams 1,33.350354,-112.833069,3434526,160.0
relation,20407820,Sauk Solar Park,42.060111,-85.083869,3433297,150.0
way,1309331815,Parque Solar Pampa del Infierno,-26.484964,-61.210981,3431031,
relation,14273698,Townsite Solar Project Hybrid,35.939377,-114.895170,3427203,270.0
relation,20080133,Riverstart Solar Park III,40.065957,-85.114309,3420374,100.0
way,1337564273,高台县杭泰新能源开发有限责任公司高台高崖子滩200兆瓦光伏发电项目,39.271067,99.521832,3417332,200.0
way,1443058946,"Solar farm near 38.585, 102.084",38.585278,102.083873,3415488,
way,1431589840,"Solar farm near 36.909, 80.433",36.908991,80.432824,3412705,
relation,11600876,Usina Solar de Água Vermelha,-19.878324,-50.385020,3411655,
relation,17145095,Planta Solar Olmedilla Hive,39.610398,-2.076242,3411530,169.0
way,1486731805,"Solar farm near 44.381, 88.202",44.380707,88.201604,3408614,
way,1168317380,Phase 5 - Field B,24.708501,55.414790,3406351,300.0
way,1466908342,Ragsdale Solar,32.554862,-90.005035,3403251,100.0
way,1338050401,"Solar farm near 36.945, 80.427",36.945221,80.427097,3402707,
way,1144233016,PFV Taira,-22.259280,-69.534455,3400637,200.23
way,1236304155,"Solar farm near 38.447, 106.584",38.446686,106.583666,3395987,
way,663042863,Karoshoek Solar One,-28.487807,21.534868,3395464,100.0
way,1510517395,"Solar farm near 32.812, 116.239",32.811949,116.238555,3394250,
way,1077963008,"Solar farm near 28.006, 72.976",28.006072,72.975811,3388758,
relation,14297878,Wistaria Ranch Solar,32.669012,-115.608954,3387718,106.7
way,1466897847,Prairie Mist Solar,33.252706,-91.666022,3387471,109.2
relation,20083346,North Fork Solar Project,34.622833,-98.981854,3381556,120.0
way,1513122311,"Solar farm near 44.081, 94.705",44.080710,94.705367,3380229,
way,893914510,Phase 5 - Field C,24.708473,55.423864,3379908,300.0
way,974171190,PFV Andes Solar II B,-23.998316,-68.574489,3378355,139.18
way,1264134432,"Solar farm near 9.177, 78.000",9.176655,77.999783,3377476,
way,893914508,Phase 5 - Field A,24.708521,55.405718,3375721,300.0
relation,14474797,Elm Branch Solar 1,32.234665,-96.707092,3372917,134.7
relation,11987125,Nhà máy điện mặt trời Hồng Phong 1A,11.064955,108.286741,3370792,
relation,15567838,Kingston Solar,44.295592,-76.660751,3370374,100.0
way,651802233,"Solar farm near 36.364, 95.127",36.364373,95.127239,3368936,
relation,20621881,Sunfish Solar Farm,42.401195,-84.849649,3365739,360.0
way,1416887897,Central Solar Sunny,-16.692084,-71.824203,3354826,
way,1143180499,"Solar farm near 27.513, 72.417",27.512762,72.417090,3347872,
relation,11723050,Comanche Solar,38.198179,-104.585133,3346275,120.0
relation,17354528,Jetsar Soalr Park,29.361146,73.524268,3345415,
way,1329349672,"Solar farm near 37.000, 80.265",37.000311,80.265218,3341641,
way,1524579994,Usina Fotovoltaica Pedro Leopoldo,-19.386095,-43.820311,3340799,
relation,15576361,East Pecos Solar,31.003882,-102.281999,3339226,118.5
way,1432283437,"Solar farm near 43.020, 93.560",43.019891,93.560182,3330771,
way,1338038629,"Solar farm near 39.944, 78.477",39.943856,78.476914,3322262,
relation,20028904,River Ferry Solar 1,39.264728,-87.622760,3321344,165.3
way,1436092219,Fourmile Creek Solar,30.441373,-85.272792,3318763,74.5
way,1513122312,"Solar farm near 44.128, 94.583",44.128097,94.582589,3318202,
relation,16828696,Albemarle Beach Solar,35.905256,-76.641959,3315340,80.0
relation,15697742,Holliday Creek Solar,42.567755,-94.101811,3310517,100.0
relation,14500563,Sadler Solar,36.697615,-77.611840,3308332,100.0
relation,18360726,"Solar farm near 37.590, 105.419",37.590460,105.418505,3307843,
relation,9058700,North Star Solar Project,45.485099,-92.897881,3305687,100.0
way,947879686,PFV Diego de Almagro Sur,-26.586250,-69.972010,3302732,208.0
way,554990951,Parque Fotovoltaico Quilapilún,-33.102927,-70.657356,3300874,112.385
way,893394201,"Solar farm near 44.917, 123.127",44.916636,123.126690,3299094,
relation,15731666,Maplewood Solar,36.898849,-79.483367,3297217,120.0
way,1349771781,Chhirbel,22.186688,76.215824,3295293,190.0
way,1446642294,"Solar farm near 40.153, 97.760",40.153474,97.759740,3290197,
way,1004437462,"Solar farm near 33.203, 118.030",33.203038,118.029666,3288191,
way,1161577070,Drew Solar LLC,32.686538,-115.667569,3284933,100.0
way,784556309,Parque fotovoltaico Hermosillo,29.061670,-110.769503,3280887,100.0
way,459614011,Alamo 5,29.218030,-99.706623,3280696,100.0
way,1369608309,Usina Solar Vista Alegre,-15.823822,-43.441584,3278366,
way,974168071,PFV Nuevo Quillagua,-21.656125,-69.486562,3276736,95.0
relation,14719303,Point Beach Solar,44.270515,-87.551147,3264211,100.0
relation,14118121,Bluebell Solar II,31.887937,-100.838900,3258061,115.0
relation,9980020,Parc solaire Base aérienne 136,48.783346,5.978009,3254173,115.0
relation,15508858,Planta Fotovoltaica Tepezalá II,22.211077,-102.220831,3249771,100.0
relation,15913521,Complejo Fotovoltaico Kappa,39.094635,-3.306991,3249380,
way,1214346556,青海格尔木鲁能新能源有限公司熔盐塔式光热发电项目,36.399316,95.222420,3244727,50.0
way,1527592563,"Solar farm near 40.557, 79.612",40.556659,79.612081,3244427,
relation,20083387,Hickory Solar,39.163369,-90.381130,3243256,110.0
way,1460285817,"Solar farm near 32.104, -97.044",32.103685,-97.043884,3243038,
way,1338506781,凉州区九墩滩光伏园区,38.118947,102.846403,3240897,
way,1088960826,Conetoe II Solar,35.817115,-77.485803,3230022,80.0
relation,12508372,Usina Fotovoltaica Paracatu,-17.222027,-47.087117,3227850,
way,538862496,"Solar farm near 38.095, 102.257",38.095165,102.257321,3224259,
way,1485687734,"Solar farm near 28.124, 73.007",28.124104,73.007005,3223786,
way,965441036,PFV Pampa Tigre,-23.854250,-69.800710,3219744,102.0
way,651802229,"Solar farm near 36.360, 95.168",36.359831,95.168396,3215856,100.0
relation,14292455,"Alpaugh North, Alpaugh 50 and White River Solar",35.890229,-119.445658,3212759,90.0
way,1339498492,"Solar farm near 37.569, 104.942",37.569430,104.942119,3210736,
relation,20083433,Three Corners Solar,44.625967,-69.441058,3206906,110.0
way,949429977,Haughton Solar Farm,-19.750134,147.048103,3206573,100.0
relation,6235171,Imperial Solar Energy Center South,32.660654,-115.661022,3206466,128.9
relation,20083487,Willowbrook Solar I,39.041445,-83.693213,3206324,150.0
way,1339226090,"Solar farm near 38.546, 110.072",38.545513,110.072027,3206178,
way,1376414413,滨州润化新能源有限公司润化新能源200MW渔光互补发电项目,37.918669,118.045671,3204212,200.0
way,704779972,大成50MW熔盐线性菲涅尔式光热电站,40.084149,94.410717,3197593,50.0
relation,20371877,"Solar farm near 32.814, -96.178",32.813684,-96.178252,3195358,
way,1080928917,Snipesville Solar Farm,31.708560,-82.743526,3192968,86.0
relation,20188456,Apple River Solar,45.381573,-92.293062,3189793,100.0
way,1245780378,Shu Solar Plant,43.588941,73.705563,3186333,100.0
way,354437215,Parque Fotovoltaico Conejo Solar,-25.511122,-70.164780,3186037,104.0
way,1288487759,Solar Arinos,-15.717855,-45.914682,3185465,
relation,20063417,Onion River Solar,43.607848,-87.894961,3183950,150.0
relation,17388903,Chestnut Solar,36.159874,-119.891877,3183707,150.6
way,1304280488,Parque Solar Totoca III,-30.817519,-69.472467,3180634,
way,989330969,Planta Solar La Magascona & La Magasquila,39.436474,-5.933980,3178602,20.0
way,1475454191,"Solar farm near 44.099, 90.312",44.098711,90.312027,3176056,
way,372189649,Complexo Solar Fotovoltaico Lar do Sol,-17.337963,-44.876538,3170236,
relation,15867057,CA Flats Solar 150,35.834848,-120.297417,3165579,150.0
relation,14180426,Boulder Solar,35.837960,-114.970025,3161139,
relation,15552824,Huntley Solar,33.332372,-80.632543,3155403,75.0
relation,20049954,South Cheyenne Solar,41.016892,-104.793623,3155372,150.0
way,1329493978,"Solar farm near 26.567, 71.427",26.566628,71.427414,3153840,
relation,15506984,Saint Solar,32.864881,-111.501618,3149416,100.0
way,949605278,Clare Solar Farm,-19.839817,147.204884,3148570,100.0
way,1465214978,Arlington Valley Solar Energy I,33.324263,-112.876591,3146403,127.0
way,1535180326,Ukuqala Solar,-30.619793,24.000382,3145890,105.0
relation,11789708,North Rosamond Solar,34.868721,-118.364317,3138812,151.1
relation,2601067,Mezőcsáti Naperőmű,47.778427,20.935860,3136631,250.0
way,1338506780,"Solar farm near 38.114, 102.872",38.113841,102.871850,3135829,
way,1540847728,Parque Fotovoltaico Victor Jara,-20.279379,-69.622882,3134450,
way,1077962965,"Solar farm near 26.690, 71.236",26.690176,71.235945,3130862,
relation,10283377,Southampton Solar,36.601966,-77.184207,3130121,100.0
relation,20028641,Oak Trail Solar,36.499316,-76.196305,3127441,100.0
way,849831851,"Solar farm near 43.986, 123.842",43.985742,123.841828,3126260,
way,538611412,"Solar farm near 38.984, 102.500",38.984270,102.500276,3124624,
relation,17488312,Planta Solar Fotovoltaica La Luz,37.335201,-6.908881,3123305,121.0
way,1519112628,"Solar farm near 33.128, -99.591",33.127598,-99.590724,3122568,
way,1361692678,"Solar farm near 44.958, 122.767",44.958074,122.766556,3121033,
way,1475454202,"Solar farm near 44.100, 90.378",44.100181,90.377902,3120798,
way,1338506779,"Solar farm near 38.103, 102.853",38.102945,102.852532,3118081,
way,1470034640,"Solar farm near 30.138, 98.439",30.137784,98.439270,3117104,
way,1457264144,Solar Lagoinha,-4.862348,-38.004354,3116711,
way,999353827,Palaswade,17.556332,74.823439,3113669,155.0
relation,11789714,Valentine Solar,34.906511,-118.381457,3111561,111.2
relation,20290963,PFV CENTURION,38.194688,-6.395362,3099347,116.5
way,928731024,Proyecto Fotovoltaico Sol de Lila,-24.033277,-68.574979,3098876,163.0
way,1466642627,Woodruff County Solar,35.258084,-91.351526,3096825,122.0
way,1333829742,"Solar farm near 37.816, 93.431",37.816124,93.431337,3096099,
way,1421991291,"Solar farm near 41.542, 114.873",41.542495,114.873073,3093311,
relation,14682377,Planta FV Valdecarro,39.182778,-3.328356,3093114,49.5
way,1475454204,"Solar farm near 44.073, 90.355",44.072749,90.354565,3092633,
relation,10040373,Wemen Solar Farm,-34.799853,142.547621,3092223,97.5
way,1190756189,Timahoe North Solar Farm,53.359799,-6.859090,3090288,108.0
way,1315982566,Cane Creek Solar,31.975193,-88.885800,3086058,78.5
way,1272088368,Nhà máy điện mặt trời Phù Mỹ,14.302513,109.158530,3085608,330.0
way,1390812113,"Solar farm near 47.372, 124.167",47.372424,124.166862,3085596,
way,1011049534,PFV Coya,-22.261347,-69.476771,3080165,181.0
way,723155933,"Solar farm near 24.843, 103.621",24.842513,103.621483,3079833,
way,237750097,"Solar farm near 36.405, 95.199",36.404814,95.199448,3078250,
way,537764951,"Solar farm near 39.457, 99.511",39.457336,99.511051,3076858,
relation,20082095,Crossett Solar,33.094450,-91.935949,3072164,100.0
way,880001124,Belcher Solar Farm,38.003663,-78.049537,3071109,88.2
relation,20175946,Ganado Solar + Storage,29.117571,-96.512080,3070762,152.0
way,593544452,Central Solar Termoeléctrica Casablanca,39.233155,-5.310135,3069966,160.0
relation,20273050,Planta fotovoltaica de Ciudad Rodrigo,40.623035,-6.510681,3069837,316.0
way,894181304,"Solar farm near 37.558, 107.800",37.557700,107.800023,3063624,
relation,13370340,Planta Solar Fotovoltaica Don Rodrigo,37.226742,-5.866881,3062997,175.0
way,1443058947,"Solar farm near 38.608, 102.097",38.607796,102.096577,3061835,
relation,11810284,Sumrall Solar Farm,31.398289,-89.495121,3058846,104.0
relation,15729968,BPL Crown Solar Project,31.328144,-97.088525,3052515,100.0
way,1510247671,"Solar farm near 32.363, 121.423",32.363320,121.422927,3049599,
way,810479966,Cleve Hill Solar Park,51.338053,0.921371,3044825,373.0
way,1307307587,"Solar farm near 40.034, 94.402",40.034498,94.401674,3043539,
way,1298777879,Harvest Gold Solar,33.503816,-90.647152,3043306,
way,425794706,תחנת הכוח באשלים,30.963909,34.728982,3042746,121.0
relation,17679093,Farma Fotowoltaiczna Kleczew,52.366772,18.212357,3034552,193.0
relation,15688189,Nebula Solar,26.105106,-97.803305,3024833,135.0
